-- phpMyAdmin SQL Dump
-- version 5.1.0
-- https://www.phpmyadmin.net/
--
-- Host: 127.0.0.1
-- Gegenereerd op: 20 mei 2021 om 14:52
-- Serverversie: 10.4.18-MariaDB
-- PHP-versie: 7.4.16

SET SQL_MODE = "NO_AUTO_VALUE_ON_ZERO";
START TRANSACTION;
SET time_zone = "+00:00";


/*!40101 SET @OLD_CHARACTER_SET_CLIENT=@@CHARACTER_SET_CLIENT */;
/*!40101 SET @OLD_CHARACTER_SET_RESULTS=@@CHARACTER_SET_RESULTS */;
/*!40101 SET @OLD_COLLATION_CONNECTION=@@COLLATION_CONNECTION */;
/*!40101 SET NAMES utf8mb4 */;

--
-- Database: `flitim_kerntaak2`
--

-- --------------------------------------------------------

--
-- Tabelstructuur voor tabel `aanmelding`
--

CREATE TABLE `aanmelding` (
  `ID` int(11) NOT NULL,
  `playerID` int(11) NOT NULL,
  `tournamentID` int(11) NOT NULL
) ENGINE=InnoDB DEFAULT CHARSET=utf8mb4;

--
-- Gegevens worden geëxporteerd voor tabel `aanmelding`
--

INSERT INTO `aanmelding` (`ID`, `playerID`, `tournamentID`) VALUES
(3950, 3892, 3),
(3953, 3895, 3),
(3956, 3898, 3),
(4088, 4030, 3),
(4091, 4033, 3),
(4094, 4036, 3),
(4097, 4039, 3),
(4100, 4042, 3),
(4103, 4045, 3),
(4106, 4103, 3),
(4109, 4106, 3),
(4112, 4109, 3),
(4115, 4112, 3),
(4118, 4115, 3),
(4121, 4118, 3),
(4124, 4121, 3),
(4127, 4124, 3),
(4130, 4127, 3),
(4133, 4130, 3),
(4136, 4133, 3),
(4139, 4136, 3),
(4142, 4139, 3),
(4145, 4142, 3),
(4148, 4145, 3),
(4151, 4148, 3),
(4154, 4151, 3),
(4157, 4154, 3),
(4160, 4157, 3),
(4163, 4160, 3),
(4166, 4163, 3),
(4169, 4166, 3),
(4172, 4169, 3),
(4175, 4172, 3),
(4178, 4175, 3),
(4181, 4178, 3),
(4184, 4181, 3),
(4187, 4184, 3),
(4190, 4187, 3),
(4193, 4190, 3),
(4196, 4193, 3),
(4199, 4196, 3),
(4202, 4199, 3),
(4205, 4202, 3),
(4208, 4205, 3),
(4211, 4208, 3),
(4214, 4211, 3),
(4217, 4214, 3),
(4220, 4217, 3),
(4223, 4220, 3),
(4226, 4223, 3),
(4229, 4226, 3),
(4232, 4229, 3),
(4235, 4232, 3),
(4238, 4235, 3),
(4241, 4238, 3),
(4244, 4241, 3),
(4250, 4247, 3),
(4253, 4250, 3),
(4256, 4253, 3),
(4259, 4256, 3),
(4262, 4257, 3),
(9441, 4065, 1),
(9729, 3872, 1),
(9825, 3968, 1),
(9921, 4119, 1),
(10017, 3876, 1),
(10113, 4311, 1),
(10209, 4407, 1),
(10305, 4503, 1),
(10401, 4599, 1),
(10497, 4695, 1),
(10593, 4791, 1),
(10689, 4887, 1),
(10785, 4983, 1),
(10881, 5077, 1),
(10977, 5175, 1),
(11073, 5271, 1),
(11169, 5367, 1),
(11265, 5460, 1),
(11361, 5559, 1),
(11457, 5676, 1),
(11553, 5751, 1),
(13554, 4340, 2),
(13555, 4961, 2),
(13556, 5678, 2),
(13557, 4907, 2),
(13558, 4281, 2),
(13559, 4837, 2),
(13560, 4183, 2),
(13561, 5629, 2),
(13562, 4376, 2),
(13563, 5747, 2),
(13564, 5405, 2),
(13565, 4576, 2),
(13566, 4962, 2),
(13567, 5187, 2),
(13568, 4908, 2),
(13569, 4152, 2),
(13570, 4015, 2),
(13571, 5356, 2),
(13572, 4282, 2),
(13573, 3944, 2),
(13574, 4238, 2),
(13575, 4502, 2),
(13577, 5725, 2),
(13578, 4883, 2),
(13579, 5090, 2),
(13580, 4201, 2),
(13581, 5684, 2),
(13583, 4283, 2),
(13584, 5091, 2),
(13585, 4933, 2),
(13586, 4475, 2),
(13587, 4049, 1),
(13588, 5796, 3),
(13589, 5796, 2),
(13590, 4051, 2),
(13591, 4048, 1);

-- --------------------------------------------------------

--
-- Tabelstructuur voor tabel `school`
--

CREATE TABLE `school` (
  `ID` int(11) NOT NULL,
  `name` varchar(50) NOT NULL
) ENGINE=InnoDB DEFAULT CHARSET=utf8mb4;

--
-- Gegevens worden geëxporteerd voor tabel `school`
--

INSERT INTO `school` (`ID`, `name`) VALUES
(5811, 'Albeda College'),
(5812, 'Da Vinci College'),
(5813, 'Drenthe College'),
(5814, 'Graafschap College'),
(5815, 'Katholiek Onderwijs Vlaanderen'),
(5816, 'Rijn Ijssel College'),
(5817, 'ROC de Leijgraaf'),
(5818, 'ROC Horizon College'),
(5819, 'ROC ID College'),
(5820, 'ROC Midden Nederlandd'),
(5821, 'ROC TOP'),
(5822, 'ROC A12'),
(5823, 'Koning Willem I College');

-- --------------------------------------------------------

--
-- Tabelstructuur voor tabel `speler`
--

CREATE TABLE `speler` (
  `ID` int(11) NOT NULL,
  `callsign` varchar(50) NOT NULL,
  `insertion` varchar(50) NOT NULL,
  `lastname` varchar(50) NOT NULL,
  `schoolID` int(255) NOT NULL
) ENGINE=InnoDB DEFAULT CHARSET=utf8mb4;

--
-- Gegevens worden geëxporteerd voor tabel `speler`
--

INSERT INTO `speler` (`ID`, `callsign`, `insertion`, `lastname`, `schoolID`) VALUES
(3867, 'Michael', '', 'Bouman', 5820),
(3868, 'Rianne', '', 'Bouman', 5816),
(3869, 'Elmar', '', 'Hammink', 5821),
(3870, 'Marinus', 'van', 'Laar', 5819),
(3871, 'Erfan', '', 'Harten', 5815),
(3872, 'Martin', '', 'Crum', 5811),
(3873, 'Kevin', '', 'Groot', 5812),
(3874, 'Surwendel', 'de', 'Walter', 5813),
(3875, 'Raymiron', '', 'Wentink', 5814),
(3876, 'Bernard', '', 'Dronkelaar', 5818),
(3877, 'Thomas', '', 'Hoogendoorn', 5817),
(3878, 'Annemarie', 'de', 'Landwaart', 5820),
(3879, 'Niels', '', 'Londen', 5816),
(3880, 'Irma', 'van der', 'Meijde', 5821),
(3881, 'Lydia', '', 'Velde', 5819),
(3882, 'Sonny', '', 'Tol', 5815),
(3883, 'Dennis', 'van', 'Rancuret', 5811),
(3884, 'Jaouad', '', 'Toppin', 5812),
(3885, 'Laurenz', 'van', 'Winter', 5813),
(3886, 'Roel', 'de', 'Boer', 5814),
(3887, 'Johan', 'den', 'Boer', 5818),
(3888, 'Robert', 'de', 'Grondelle', 5817),
(3889, 'Mark', '', 'Haar', 5820),
(3890, 'John', '', 'Panjer', 5816),
(3891, 'Myra', '', 'Hees', 5821),
(3892, 'Melvin', '', 'Cuijten', 5819),
(3893, 'Hugo', '', 'Miltenburg', 5815),
(3894, 'Dick', '', 'Muller', 5811),
(3895, 'Willem', '', 'Wijk', 5812),
(3896, 'Peter', '', 'Nellestijn', 5813),
(3897, 'Boudewijn', 'van', 'Doornenbal', 5814),
(3898, 'Marijke', 'van', 'Popova', 5818),
(3899, 'Gijsbert', '', 'Jansen', 5817),
(3900, 'Kim', '', 'Tan', 5820),
(3901, 'Mehmet', '', 'Veller', 5816),
(3902, 'Arno', '', 'Davidian', 5821),
(3903, 'Arend Jan', 'van de', 'Kolk', 5819),
(3904, 'Hugo', 'van', 'Beeftink', 5815),
(3905, 'Jeffrey', 'van', 'Baptist', 5811),
(3906, 'Ries', '', 'Boualem', 5812),
(3907, 'Lieke', 'van', 'Beijert', 5813),
(3908, 'Marthe', '', 'Hendriksen', 5814),
(3909, 'Chris', '', 'Timmermans', 5818),
(3910, 'Frank', '', 'Jansen', 5817),
(3911, 'Yasin', 'van', 'Laar', 5820),
(3912, 'Jordy', '', 'Henry', 5816),
(3913, 'Geurt', '', 'Masic', 5821),
(3914, 'Gerwin', '', 'Goor', 5819),
(3915, 'Henk', '', 'Top', 5815),
(3916, 'Lodewijk', 'van', 'Vedder', 5811),
(3917, 'Sven', 'van', 'Berg', 5812),
(3918, 'Dave', 'van', 'Schoonhoven', 5813),
(3919, 'John', 'van', 'Loonstra', 5814),
(3920, 'Sandra', 'de', 'Boer', 5818),
(3921, 'Peter', '', 'Janssens', 5817),
(3922, 'Bert', '', 'Boorsma', 5820),
(3923, 'Marieke', '', 'Carnaval  Mabunda', 5816),
(3924, 'Vincent', 'den', 'Versteeg', 5821),
(3925, 'Egbert', '', 'Hierden', 5819),
(3926, 'Jacob', '', 'Ederveen', 5815),
(3927, 'Johan', 'van', 'Kooijmans', 5811),
(3928, 'Joël', '', 'Kock', 5812),
(3929, 'Jelle', 'van de', 'Kracht', 5813),
(3930, 'Rosa', 'de', 'Hogeling', 5814),
(3931, 'Judith', '', 'Nab', 5818),
(3932, 'Jos', '', 'Derksen', 5817),
(3933, 'Jurgen', '', 'Tak', 5820),
(3934, 'Johan', '', 'Roelofse', 5816),
(3935, 'Eddie', '', 'Nieuwamerongen', 5821),
(3936, 'Riflah', '', 'Bos', 5819),
(3937, 'Ahren', '', 'Drost', 5815),
(3938, 'Jan-Willem', '', 'Emerenciana', 5811),
(3939, 'Anne-Marie', '', 'Enckevort', 5812),
(3940, 'Jacco', 'van', 'Ree', 5813),
(3941, 'Maurice', '', 'Gijsbertsen', 5814),
(3942, 'Carl', '', 'Hendriksen', 5818),
(3943, 'Thomas', '', 'Hosiyar', 5817),
(3944, 'Jonathan', '', 'Wander', 5820),
(3945, 'Patrick', 'van', 'Doorn', 5816),
(3947, 'Henk-Jan', '', 'Timmer', 5819),
(3948, 'Mark', 'van den', 'Schuurman', 5815),
(3949, 'Lars', '', 'Bouman', 5811),
(3953, 'Steef', 'de', 'Bruin', 5818),
(3954, 'Keje', '', 'Broek', 5817),
(3955, 'Koen', '', 'Hendricksen', 5820),
(3956, 'Sander', '', 'Jansen', 5816),
(3957, 'Ramon', 'van', 'Quaak', 5821),
(3958, 'Luuk', 'van', 'Meij', 5819),
(3959, 'Davey', '', 'Hellegering', 5815),
(3960, 'Dennis', 'de', 'Willigen', 5811),
(3961, 'Daniël', '', 'Brouwers', 5812),
(3962, 'Fabian', '', 'Welsing', 5813),
(3963, 'Eric', 'van den', 'Veen', 5814),
(3964, 'Sako', '', 'Seef', 5818),
(3965, 'Erik', '', 'Rouwendal', 5817),
(3966, 'Ali', '', 'Labots', 5820),
(3967, 'Bjorn', 'ten', 'Geerts', 5816),
(3968, 'Ameera', '', 'Jelier', 5821),
(3969, 'Esther', '', 'Koelewijn', 5819),
(3970, 'Frans', 'van', 'Laar', 5815),
(3971, 'Niels', '', 'Ürün', 5811),
(3972, 'Jasper', '', 'Rooijen', 5812),
(3973, 'Omar', '', 'Copier', 5813),
(3974, 'Tim', 'van', 'Westland', 5814),
(3975, 'Geert', '', 'Vries', 5818),
(3976, 'Erwin', 'van', 'Kervel', 5817),
(3977, 'Michel', '', 'Veldhuyzen', 5820),
(3978, 'Robert', 'van', 'Boorsma', 5816),
(3979, 'Jeroen', '', 'Beek', 5821),
(3980, 'Selim', 'van', 'Kleut', 5819),
(3981, 'Desmond', 'van', 'Esmeijer', 5815),
(3982, 'Clint', '', 'Zoll', 5811),
(3983, 'Bart', '', 'Hendriks', 5812),
(3984, 'Els', 'van de', 'Kadionda', 5813),
(3985, 'Frank', 'van', 'Etten', 5814),
(3986, 'Richard', 'van', 'Manen', 5818),
(3987, 'Leroy', '', 'Zeeuw', 5817),
(3988, 'Dennis', '', 'Noort', 5820),
(3989, 'Stephan', '', 'Nobbe', 5816),
(3990, 'Jeffrey', 'van', 'Belhaj', 5821),
(3991, 'Johan', '', 'Verwoert', 5819),
(3992, 'Jordy', '', 'Gerritsen', 5815),
(3993, 'Joeri', 'van de', 'Bos', 5811),
(3994, 'Mathijs', '', 'Verwoert', 5812),
(3995, 'Jochem', 'van der', 'Vulpen', 5813),
(3997, 'Eloy', '', 'Top', 5818),
(3998, 'Dirk', '', 'Sweers', 5817),
(3999, 'Marco', 'van den', 'Rijsewijk', 5820),
(4000, 'Martijn', 'van', 'Donselaar', 5816),
(4001, 'Harm', '', 'Gijsbertsen', 5821),
(4002, 'Ahmet', '', 'Lindeman', 5819),
(4003, 'Joey', '', 'Hartendorp', 5815),
(4004, 'Evan', '', 'Isiboukaren', 5811),
(4005, 'Dennis', '', 'Schut', 5812),
(4006, 'Henri', '', 'Fintelman', 5813),
(4007, 'Richard', '', 'Verhaaff', 5814),
(4008, 'Peter', '', 'Wisgerhof', 5818),
(4009, 'Bastiaan', '', 'Riani', 5817),
(4010, 'Bas', '', 'Schroo', 5820),
(4011, 'Aron', '', 'Middelhoven', 5816),
(4012, 'Wim', '', 'Dingjan', 5821),
(4013, 'Matthijs', '', 'Verël', 5819),
(4014, 'Joost', '', 'Lagen', 5815),
(4015, 'Arnoud', 'van', 'Gill', 5811),
(4016, 'Sarjella', '', 'Top', 5812),
(4017, 'Sabine', 'van', 'Cleij', 5813),
(4018, 'Susan', 'van', 'Engelenhoven', 5814),
(4019, 'Sjacco', '', 'Diephuis', 5818),
(4020, 'Gooitske', 'de', 'Prins', 5817),
(4021, 'Ricardo', 'van', 'Hillebrand', 5820),
(4022, 'Max', 'van', 'Graaff', 5816),
(4023, 'Jurrit', 'van', 'Roozenboom', 5821),
(4024, 'Arco', '', 'Schimmel', 5819),
(4025, 'Frans Karel', '', 'Scholten', 5815),
(4026, 'Thierry', '', 'Wierenga', 5811),
(4027, 'Gijsbert', 'van de', 'Nieuwamerongen', 5812),
(4028, 'Bachir', 'van den', 'Brink', 5813),
(4029, 'Maarten', 'van', 'Drie', 5814),
(4030, 'Anton', '', 'Heins', 5818),
(4031, 'Ali', '', 'Jansen', 5817),
(4032, 'Gerben', '', 'Scheppingen', 5820),
(4033, 'Timo', '', 'Vos', 5816),
(4034, 'Marcel', '', 'Bargach', 5821),
(4035, 'Remco', '', 'Stam', 5819),
(4036, 'Jeroen', 'van', 'Manen', 5815),
(4037, 'Jouke', '', 'Bel', 5811),
(4038, 'Bas', '', 'Achterberg', 5813),
(4039, 'Frank', '', 'Oosterom', 5813),
(4040, 'Timo', 'van', 'Upwich', 5814),
(4041, 'Egbert', '', 'Gaertner', 5818),
(4042, 'Frank', 'van', 'Engelenhoven', 5817),
(4043, 'René', 'El', 'Farissi', 5820),
(4044, 'Jeroen', '', 'Ee', 5816),
(4045, 'Esther', '', 'Konings', 5821),
(4046, 'Niels', '', 'Evers', 5819),
(4047, 'Floris', 'ter', 'Horst', 5815),
(4048, 'Stephen', '', 'Kamphorst', 5811),
(4049, 'Jeroen', '', 'Kader', 5812),
(4050, 'Sander', '', 'Kandasamy', 5813),
(4051, 'Johan', 'van', 'Welgraven', 5814),
(4052, 'Donny', '', 'Schaik', 5818),
(4053, 'Jeroen', '', 'Middelhoven', 5817),
(4054, 'Joost', '', 'Veen', 5820),
(4055, 'Arjan', '', 'Korpershoek', 5816),
(4056, 'Ronald', 'van den', 'Top', 5821),
(4057, 'Shanna', 'van den', 'Kampert', 5819),
(4058, 'Juliën', '', 'Fluiter', 5815),
(4059, 'Iwan', '', 'Groeneveld', 5811),
(4060, 'Niek', 'van', 'Janssen', 5812),
(4061, 'Jurriaan', '', 'Gunther', 5813),
(4062, 'Bennie', '', 'Colenbrander', 5814),
(4064, 'Gerard', '', 'Eck', 5817),
(4065, 'Tim', 'van de', 'Veen', 5820),
(4066, 'Sander', '', 'Chatterpal', 5816),
(4067, 'Dirk-Jan', '', 'Heide', 5821),
(4068, 'Peter', '', 'Jansen', 5819),
(4069, 'Lex', 'van de', 'Reeden', 5815),
(4070, 'Tim', '', 'Kranenburg', 5811),
(4071, 'Léon', 'van', 'Haar', 5812),
(4072, 'Mieke', 'van', 'Sterkenburg', 5813),
(4073, 'Martin', 'van', 'IJzendoorn', 5814),
(4074, 'Vincent', '', 'Hendriks', 5818),
(4075, 'Björn', '', 'Dirkzwager', 5817),
(4076, 'Wessel', '', 'Schuak', 5820),
(4077, 'Léon', '', 'Wijk', 5816),
(4078, 'Carsten', '', 'Wessels', 5821),
(4079, 'Martijn', '', 'Groeneveld', 5819),
(4080, 'Bart', '', 'Jansen', 5815),
(4081, 'Richard', '', 'Jansen', 5811),
(4082, 'Kees', '', 'Tubbing', 5812),
(4083, 'Sijtse', '', 'Biesen', 5813),
(4084, 'Mourad', 'van der', 'Meppelder', 5814),
(4085, 'Dennis', '', 'Schipper', 5818),
(4086, 'Harry', 'van', 'Beek', 5817),
(4087, 'Ahmad', '', 'Afantrous', 5820),
(4088, 'Daniël', '', 'Born', 5816),
(4089, 'Richard', '', 'Sterkenburg', 5821),
(4090, 'Henrie', 'van', 'Veldhuisen', 5819),
(4091, 'Jeffrey', '', 'Haan', 5815),
(4092, 'Jochem', 'van de', 'Wentink', 5811),
(4093, 'Maurice', '', 'Willemsen', 5812),
(4094, 'Henri', '', 'Roekel', 5813),
(4095, 'Tijmen', 'van de', 'Zanden', 5814),
(4096, 'Michel', 'van den', 'Berg', 5818),
(4097, 'Elkan', '', 'Tijhuis', 5817),
(4098, 'Peter', 'de', 'Bruin', 5820),
(4099, 'Edward', '', 'Raadt', 5816),
(4100, 'Edwin', '', 'Kuip', 5821),
(4101, 'Rolf', '', 'Henken', 5819),
(4102, 'Bilel', '', 'Linden', 5815),
(4103, 'Joaquim', '', 'Beek', 5811),
(4104, 'Johan', '', 'Spijkerman', 5812),
(4106, 'Danny', 'van de', 'Kröss', 5814),
(4107, 'Arjen', 'van der', 'Kuppens', 5818),
(4108, 'Reza', 'van der', 'Meijden', 5817),
(4109, 'Benjamin', 'van', 'Boelens', 5820),
(4110, 'Willem-Jan', '', 'Koné', 5816),
(4111, 'Remco', '', 'Benamar', 5821),
(4112, 'Arian', '', 'Rütten', 5819),
(4113, 'Victor', '', 'Spaninks', 5815),
(4114, 'Kevin', '', 'Chevalking', 5811),
(4115, 'Jasper', 'van den', 'Verbunt', 5812),
(4116, 'Tim', 'van', 'Hageman', 5813),
(4117, 'Sven', '', 'Groen', 5814),
(4118, 'Joël', '', 'Rekum', 5818),
(4119, 'Jeroen', '', 'Groot', 5817),
(4120, 'Jeroen', '', 'Timmer', 5820),
(4121, 'Ricardo', 'de', 'Jacobus', 5816),
(4122, 'Tonny', '', 'Hiemstra', 5821),
(4123, 'Kevin', '', 'Laar', 5819),
(4124, 'Riso', '', 'Jong', 5815),
(4125, 'Tim', '', 'Knot', 5811),
(4126, 'Marlies', 'van de', 'Kuivenhoven', 5812),
(4127, 'Jordy', '', 'Boer', 5813),
(4128, 'Ben', '', 'Tarasov', 5814),
(4129, 'Arjan', '', 'Curré', 5818),
(4130, 'Maarten', 'van', 'Derks', 5817),
(4131, 'Sander', 'van', 'Kok', 5820),
(4132, 'Martijn', '', 'Schuurman', 5816),
(4133, 'Wim', '', 'Kate', 5821),
(4134, 'Taurean', '', 'Blitterswijk', 5819),
(4135, 'Dennis', '', 'Bruggeman', 5815),
(4136, 'Nico', '', 'Vegte', 5811),
(4137, 'Denny', 'van', 'Ploeg', 5812),
(4138, 'Evan', 'van', 'Linden', 5813),
(4139, 'Daniël', '', 'Lam', 5814),
(4140, 'Ken', '', 'Holsteijn', 5818),
(4141, 'Bert', 'de', 'Jochemsen', 5817),
(4142, 'Dennis', 'van', 'Middelkoop', 5820),
(4143, 'Timothy', '', 'Atibi', 5816),
(4144, 'Olivier', '', 'Hoftijzer', 5821),
(4145, 'Shiran', '', 'Jongeling', 5819),
(4146, 'Constantijn', '', 'Dikkenberg', 5815),
(4147, 'Jan Pieter', 'van', 'Rodijk', 5811),
(4148, 'Erik', '', 'Schuurman', 5812),
(4149, 'Josse', 'van der', 'Vliet', 5813),
(4150, 'Jarich', 'van', 'Heimgartner', 5814),
(4151, 'Kees', '', 'Ossenbruggen', 5818),
(4152, 'Robin', 'van', 'Andriska', 5817),
(4153, 'Huib', '', 'Aggelen', 5820),
(4154, 'Bas', '', 'Hoogeveen', 5816),
(4155, 'Rob', '', 'Dijk', 5821),
(4156, 'David', '', 'Donkers', 5819),
(4157, 'Léon', 'van de', 'Haantjes', 5815),
(4158, 'Daniël', '', 'Volgers', 5811),
(4159, 'Berry', '', 'Hardeman', 5812),
(4160, 'Rick', '', 'Boersma', 5813),
(4161, 'Ralf', '', 'Opstal', 5814),
(4162, 'Alex', 'van de', 'Ben Yessef', 5818),
(4163, 'Dick', '', 'Oosterhuis', 5817),
(4164, 'Henk Peter', 'de', 'Hensbroek', 5820),
(4165, 'Jeffrey', '', 'Verberck', 5816),
(4166, 'Daan', '', 'Bekker', 5821),
(4167, 'Albert-Jan', '', 'Burgering', 5819),
(4168, 'Gerrit', '', 'Sampatsing', 5815),
(4169, 'Christiaan', '', 'Diepeveen', 5811),
(4170, 'Christiaan', '', 'Groeneveld', 5812),
(4171, 'Herjan', '', 'Hardeman', 5813),
(4172, 'Samir', '', 'Hendriksen', 5814),
(4173, 'Meçit', '', 'Evers', 5818),
(4174, 'Sam', '', 'Jansen', 5817),
(4175, 'Ingrid', 'van der', 'Wetering', 5820),
(4176, 'Pim', '', 'Middelaar', 5816),
(4177, 'Jacco', '', 'Modderkolk', 5821),
(4178, 'René', '', 'Kraan', 5819),
(4179, 'Erik', 'van den', 'Boonen', 5815),
(4180, 'Michael', 'van den', 'Bramer', 5811),
(4181, 'Robert', '', 'Dekker', 5812),
(4182, 'Kay', '', 'Moesbergen', 5813),
(4183, 'Chantal', '', 'Hussain', 5814),
(4184, 'Rudis', 'van', 'Dijk', 5818),
(4185, 'Gerdo', 'van den', 'Boom', 5817),
(4186, 'Aukje', '', 'Clement', 5820),
(4187, 'Mustapha', 'van den', 'Jurawan', 5816),
(4188, 'Kathleen', 'van de', 'Buursink', 5821),
(4189, 'Stephan', 'van', 'Strik', 5819),
(4190, 'Changran', 'de', 'Klok', 5815),
(4191, 'Pascal', 'van de', 'Derksen', 5811),
(4192, 'Joey', '', 'Rijsdijk', 5812),
(4193, 'Norman', '', 'Lam', 5813),
(4194, 'Dicky', '', 'Tijdeman', 5814),
(4195, 'Phelim', 'van', 'Veen', 5818),
(4196, 'Mike', '', 'Warnaar', 5817),
(4197, 'Mischa', '', 'Schets', 5820),
(4198, 'Theo', '', 'Doornebal', 5816),
(4199, 'Thérèse', '', 'Kooistra', 5821),
(4200, 'Rudi', '', 'Faro', 5819),
(4201, 'Erik', 'van', 'Eldik', 5815),
(4202, 'Walter', '', 'Dijk', 5811),
(4203, 'Bert-Jan', 'de', 'Pomp', 5812),
(4204, 'Bert', '', 'Tollenaar', 5813),
(4205, 'Richard', 'van', 'Baars', 5814),
(4206, 'Maarten', '', 'Moesbergen', 5818),
(4207, 'Floris', '', 'Gelder', 5817),
(4208, 'Gerben', '', 'Kaddouri', 5820),
(4209, 'Bert', '', 'EL Allouchi', 5816),
(4210, 'Jeroen', 'de', 'Adams', 5821),
(4211, 'Danny', '', 'Jansen', 5819),
(4212, 'Jan-Willem', '', 'Dobbelsteen', 5815),
(4213, 'Marinus', 'van', 'Draber', 5811),
(4214, 'Coen', 'van', 'Bruinekool', 5812),
(4215, 'Ricardo', '', 'Drost', 5813),
(4216, 'Johan', '', 'Rorive', 5814),
(4217, 'Jeroen', '', 'Sap', 5818),
(4218, 'Martin', '', 'Stalman', 5817),
(4219, 'Martijn', '', 'Versteegh', 5820),
(4220, 'Frank', '', 'Werkhoven', 5816),
(4222, 'Remco', '', 'Hardenberg', 5819),
(4223, 'Jos', 'van', 'Drie', 5815),
(4224, 'Nick', '', 'Frankenhuizen', 5811),
(4225, 'Frank', 'van den', 'Linden', 5812),
(4226, 'Jarno', '', 'Bakker', 5813),
(4227, 'Teunis', '', 'Kamp', 5814),
(4228, 'Nas', '', 'Huibers', 5818),
(4229, 'Henk', 'de', 'Hoekstra', 5817),
(4230, 'Mohammed', 'van der', 'Groeneveld', 5820),
(4231, 'Christiaan', '', 'Liu', 5816),
(4232, 'Liselore', 'van', 'Klift', 5821),
(4233, 'Florien', '', 'Drost', 5819),
(4234, 'Bjorn', 'van', 'Veldhuizen', 5815),
(4235, 'Nick', '', 'Pestoor', 5811),
(4236, 'Marco', '', 'Sterkenburg', 5812),
(4237, 'Kees', '', 'Verseveld', 5813),
(4238, 'Mieke', '', 'Paapst', 5814),
(4239, 'Dennis', '', 'Kraaij', 5818),
(4240, 'Thomas', '', 'Otten', 5817),
(4241, 'Jeroen', '', 'Otten', 5820),
(4242, 'Thomas', '', 'Brons', 5816),
(4243, 'Daniël', 'van', 'Kersten', 5821),
(4244, 'Chris', '', 'Tenic', 5819),
(4245, 'Koos', '', 'Hamersveld', 5815),
(4246, 'Martijn', '', 'Abrahamse', 5811),
(4247, 'Tonny', '', 'Frenkel', 5812),
(4248, 'Peter', 'van', 'Essenburg', 5813),
(4249, 'Dennis', 'van der', 'Silfhout', 5814),
(4250, 'Dennis', 'el', 'Teerds', 5818),
(4251, 'Albert', '', 'Lodder', 5817),
(4252, 'Robert', '', 'Soetendaal', 5820),
(4253, 'Wim Jaap', '', 'Samarbaksh', 5816),
(4254, 'Dirk', 'Al', 'Sessink', 5821),
(4255, 'Ben', '', 'Sturkenboom', 5819),
(4256, 'Kat', '', 'Baak', 5815),
(4257, 'Nathaniël', 'van', 'Bongers', 5811),
(4258, 'Roland', '', 'Kasper', 5812),
(4259, 'Nadine', '', 'Zieren', 5813),
(4260, 'Barth', 'van', 'Harmsen', 5814),
(4261, 'Florian', '', 'Maarouf', 5818),
(4262, 'Ronald', 'de', 'Boer', 5817),
(4263, 'Jerry', '', 'Haar', 5820),
(4264, 'Harm', 'van', 'Dijk', 5816),
(4265, 'Edwin', '', 'Goossen', 5821),
(4266, 'Kadim', '', 'Leeuwen', 5819),
(4267, 'Otman', 'ten', 'Sanders', 5815),
(4268, 'Christiaan', '', 'Jong', 5811),
(4269, 'Gino', 'de', 'Jong', 5812),
(4270, 'Niels', '', 'Gatsma', 5813),
(4271, 'Robin', '', 'Pol', 5814),
(4272, 'Reinko', '', 'Majedpoor', 5818),
(4273, 'Martijn', 'van', 'Brink', 5817),
(4274, 'Sjoerd', '', 'Mulder', 5820),
(4275, 'Mibarek', '', 'Nahimana', 5816),
(4276, 'Bart', 'van', 'Phan', 5821),
(4277, 'Paul', '', 'Dolleman', 5819),
(4278, 'Donny', 'van der', 'Sluis', 5815),
(4279, 'James', '', 'Ruijter', 5811),
(4280, 'Bernard', 'van', 'Veen', 5812),
(4281, 'Robin', '', 'Paske', 5813),
(4282, 'Harem', '', 'Klift', 5814),
(4283, 'Frank', '', 'Alfen', 5818),
(4284, 'George', '', 'Renselaar', 5817),
(4285, 'Ad', '', 'Guis', 5820),
(4286, 'Erik Jan', 'El', 'Brand', 5816),
(4287, 'Johan', '', 'Groot', 5821),
(4288, 'Henk', '', 'Floor', 5819),
(4289, 'Gert', '', 'Diepeveen', 5815),
(4290, 'Jordi', '', 'Mamedov', 5811),
(4291, 'Gerard', '', 'Evers', 5812),
(4292, 'Gerard', '', 'Mulder', 5813),
(4293, 'Patrick', '', 'Nijland', 5814),
(4294, 'Marcel', '', 'Ploeg', 5818),
(4295, 'Herman', '', 'Sahintürk', 5817),
(4296, 'Vito', '', 'Sahintürk', 5820),
(4297, 'Mark', '', 'Said', 5816),
(4298, 'Mike', '', 'Steenbergen', 5821),
(4299, 'Amiet', 'van de', 'Hal', 5819),
(4300, 'Dennis', '', 'Bakker', 5815),
(4301, 'Gijs', '', 'Hermsen', 5811),
(4302, 'Henrik', '', 'Dillon', 5812),
(4303, 'Wietze', '', 'Oosterum', 5813),
(4304, 'Marco', 'van', 'Peelen', 5814),
(4305, 'Ronald', 'van', 'Hopster', 5818),
(4306, 'Jan', 'van', 'Boog', 5817),
(4307, 'Tonnie', '', 'Molhoek', 5820),
(4308, 'Sandra', 'ter', 'Hofstede', 5816),
(4309, 'Dennis', '', 'Manen', 5821),
(4310, 'Danny', '', 'Postma', 5819),
(4311, 'Denise', 'van', 'Haar', 5815),
(4312, 'Timo', '', 'Pietjouw', 5811),
(4313, 'Martine', '', 'Schuurman', 5812),
(4314, 'Guido', '', 'Thien', 5813),
(4315, 'Erik', '', 'Theune', 5814),
(4316, 'Pim', '', 'Verbeek', 5818),
(4317, 'Gerrit', '', 'Zoeten', 5817),
(4318, 'Karin', '', 'Sanders', 5820),
(4319, 'Mesut', 'van den', 'Brink', 5816),
(4320, 'Niek', 'van den', 'Brink', 5821),
(4321, 'Robin', '', 'Maaten', 5819),
(4322, 'Wilbert', '', 'Gerritse', 5815),
(4323, 'Erwin', '', 'Diepeveen', 5811),
(4324, 'Daniël', '', 'Donkersteeg', 5812),
(4325, 'Kelvin', 'van', 'Gelder', 5813),
(4326, 'Dominic', '', 'Lieftink', 5814),
(4327, 'Robert', '', 'Vries', 5818),
(4328, 'Eva', 'van', 'Berendsen', 5817),
(4329, 'Ilse', '', 'Jansen', 5820),
(4330, 'Farouk', 'van', 'Keuken', 5816),
(4331, 'Dieuwke', 'van der', 'Santen', 5821),
(4332, 'Maarten', '', 'Ng', 5819),
(4333, 'Bas', '', 'Portengen', 5815),
(4334, 'Peter', '', 'Hove', 5811),
(4335, 'Vincent', '', 'Satthum', 5812),
(4336, 'Mike', '', 'Schuurman', 5813),
(4337, 'Hayo', 'van', 'Soest', 5814),
(4338, 'Rico', '', 'Storms', 5818),
(4339, 'Bram', '', 'Degen', 5817),
(4340, 'Stephanie', '', 'Matser', 5820),
(4341, 'Joep', '', 'Vulpen', 5816),
(4342, 'Chantal', 'van', 'Stroober', 5821),
(4343, 'Marc', '', 'Bloemen', 5819),
(4344, 'Michel', '', 'Capelleveen', 5815),
(4345, 'Marien', '', 'Augustuszoon', 5811),
(4346, 'Vince', '', 'Ruesink', 5812),
(4347, 'Richard', '', 'Davelaar', 5813),
(4348, 'Rick', '', 'Jurjus', 5814),
(4349, 'Erik', '', 'Kraan', 5818),
(4350, 'Inge', 'van', 'Kleering van Beerenbergh', 5817),
(4351, 'Peter', 'de', 'Königshausen', 5820),
(4352, 'Stephan', '', 'Lamper', 5816),
(4353, 'Rick', '', 'Gerrist', 5821),
(4354, 'René', '', 'Mulder', 5819),
(4355, 'Albert', 'van', 'Romeijn', 5815),
(4356, 'Martijn', '', 'Hoeve', 5811),
(4357, 'Paul', 'van \'t', 'Berg', 5812),
(4358, 'Rolan', 'van', 'Kooten', 5813),
(4359, 'Ron', 'van', 'Hamdaoui', 5814),
(4360, 'Job', 'el', 'Hassnaoui', 5818),
(4361, 'Elco', '', 'Vaal', 5817),
(4362, 'Paul', 'te', 'Spijkman', 5820),
(4363, 'Suzanne', 'van', 'Kleijne', 5816),
(4364, 'Christa', 'van', 'Nap', 5821),
(4365, 'Albertien', 'van den', 'Heuvel', 5819),
(4366, 'Sander', '', 'Pater', 5815),
(4367, 'Jeroen', 'de', 'Jong', 5811),
(4368, 'Dennis', '', 'Verberkt', 5812),
(4369, 'Edwin', 'de', 'Morren', 5813),
(4370, 'Marinus', '', 'Groot', 5814),
(4371, 'Leon', '', 'Rekum', 5818),
(4372, 'Niels', 'van den', 'Top', 5817),
(4373, 'Roy', '', 'Harmsen', 5820),
(4374, 'Nico', 'van', 'Bakkenes', 5816),
(4375, 'Ramon', 'de', 'Marchal', 5821),
(4376, 'Wim', '', 'Bootsman', 5819),
(4377, 'Timon', 'van de', 'Oort', 5815),
(4378, 'Wesley', 'ter', 'Heres', 5811),
(4379, 'Peter', '', 'Kampert', 5812),
(4380, 'Nathan', '', 'Lit', 5813),
(4381, 'Erik', '', 'Aalten', 5814),
(4382, 'Martijn', '', 'Brake', 5818),
(4383, 'Christian', '', 'Bosch', 5817),
(4384, 'Henrico', '', 'Roekel', 5820),
(4385, 'Anita', '', 'Klok', 5816),
(4386, 'Bertus', '', 'Berens', 5821),
(4387, 'Lars', '', 'Bekkers', 5819),
(4388, 'Ebbe', 'van den', 'Berg', 5815),
(4389, 'Jochem', 'van den', 'Vossers', 5811),
(4390, 'Remco', '', 'Moukhaibar', 5812),
(4391, 'Kees', 'van', 'Pinéda', 5813),
(4392, 'Luciano', 'van', 'Willemsen', 5814),
(4393, 'Erik', '', 'Hokke', 5818),
(4394, 'Nick', '', 'Keuken', 5817),
(4395, 'Berat', 'van', 'José Paulo', 5820),
(4396, 'Andries', 'van', 'Hoogendoorn', 5816),
(4397, 'Feyroez', '', 'Bruin', 5821),
(4398, 'Robin', '', 'Verbeek', 5819),
(4399, 'Daniël', 'van den', 'Brink', 5815),
(4400, 'Waeil', '', 'Lieferink', 5811),
(4401, 'Jamshed', '', 'Schobben', 5812),
(4402, 'Tom', '', 'Florissen', 5813),
(4403, 'Remon', 'de', 'Folmer', 5814),
(4404, 'Wouter', 'van \'t', 'Fong', 5818),
(4405, 'Wouter', 'van', 'Gerritsen', 5817),
(4406, 'Rico', 'de', 'Stoll', 5820),
(4407, 'Avinesh', 'van den', 'Doornekamp', 5816),
(4408, 'Derk', '', 'Anbeek', 5821),
(4409, 'Simone', 'van', 'Schouten', 5819),
(4410, 'Gerard', 'van', 'Sadafipour', 5815),
(4411, 'Diederik', 'van de', 'Peek', 5811),
(4412, 'Timothy', '', 'Boonzaaijer', 5812),
(4413, 'Frederik', '', 'Boltjes', 5813),
(4414, 'Mandy', 'van', 'Beek', 5814),
(4415, 'Jaap', 'van', 'Ginkel', 5818),
(4416, 'Albert', 'van de', 'Klumpenaar', 5817),
(4418, 'Baris', '', 'Kruizenga', 5816),
(4419, 'Anke', '', 'Raats', 5821),
(4420, 'Stefan', 'van', 'Honders', 5819),
(4421, 'Wilco', '', 'Veldhuizen', 5815),
(4422, 'Jacomyn', 'van', 'Kuijntjes', 5811),
(4423, 'Nick', 'van', 'Berk', 5812),
(4424, 'Johnny', '', 'Meijer', 5813),
(4425, 'Bea', '', 'Leeuwen', 5814),
(4426, 'Justus', '', 'Rigters', 5818),
(4427, 'Bastiaan', 'van', 'Roekel', 5817),
(4428, 'Frank', 'van', 'Vellinga', 5820),
(4429, 'Dirk', 'van', 'Burgering', 5816),
(4430, 'Niels', '', 'Wagensveld', 5821),
(4431, 'Gerard', '', 'Hoftijser', 5819),
(4432, 'Dirk', '', 'Eweg', 5815),
(4433, 'Gerrit', '', 'Quist', 5811),
(4434, 'Farshad', '', 'Kuijpers', 5812),
(4435, 'Tristan', '', 'Ajattar', 5813),
(4436, 'Simon', '', 'Reede', 5814),
(4437, 'Robin', '', 'Rix', 5818),
(4438, 'Thijs', '', 'Ariessen', 5817),
(4439, 'Ben', 'van', 'Hopman', 5820),
(4440, 'Tyrone', 'van', 'Beek', 5816),
(4441, 'Arnold', 'van den', 'Berg', 5821),
(4442, 'Joël', 'van den', 'Berg', 5819),
(4443, 'Lukasz', '', 'Wilk', 5815),
(4444, 'Daniël', '', 'Albersen', 5811),
(4445, 'Roy', '', 'Groeneveldt', 5812),
(4446, 'Danny', 'van', 'Lagemaat', 5813),
(4447, 'Floor', '', 'Garderen', 5814),
(4448, 'Nicky', '', 'Khaderi', 5818),
(4449, 'Gerrit', 'van de', 'Brouwer', 5817),
(4450, 'Dick', '', 'Hendriks', 5820),
(4451, 'Erik', '', 'Gelswijk', 5816),
(4452, 'Mark', '', 'Hol', 5821),
(4453, 'Sander', '', 'Engelenburg', 5819),
(4454, 'Nick', '', 'Koppenaal', 5815),
(4455, 'Mitchel', '', 'Nahimana Ulimwangu', 5811),
(4456, 'René', '', 'Kokouh', 5812),
(4457, 'André', '', 'Zeeuw', 5813),
(4458, 'Juan', '', 'Meijer', 5814),
(4459, 'Stef', 'van', 'Morren', 5818),
(4460, 'Thomas', '', 'Dieren', 5817),
(4461, 'Ismail', 'van de', 'Pascaol', 5820),
(4463, 'William', '', 'Roes', 5821),
(4464, 'André', '', 'Ben Shalom', 5819),
(4465, 'Alfrédo', 'van de', 'Bijkerk', 5815),
(4466, 'Myint', '', 'Brakel', 5811),
(4467, 'Richard', '', 'Schotman', 5812),
(4468, 'Dennis', '', 'Steenvoorden', 5813),
(4469, 'Sebastiaan', '', 'Hoesen', 5814),
(4470, 'Christiaan', '', 'Boin', 5818),
(4471, 'Jarco', '', 'Orden', 5817),
(4472, 'Eduard', 'van der', 'Outshoven', 5820),
(4473, 'Edwin', 'van', 'Viegen', 5816),
(4474, 'Paul', '', 'Poutsma', 5821),
(4475, 'Remco', '', 'Huizen', 5819),
(4476, 'Sander', '', 'Hagens', 5815),
(4477, 'Greg', '', 'Yarja', 5811),
(4478, 'Salim', 'van den', 'Wouters', 5812),
(4479, 'Stephany', 'van den', 'Gerritsen', 5813),
(4480, 'Chris', '', 'Blokland', 5814),
(4481, 'Pascal', '', 'Polman', 5818),
(4482, 'Jeroen', '', 'Bromet', 5817),
(4483, 'Bob', 'de', 'Houtman', 5820),
(4484, 'Wilco', '', 'Wilkens', 5816),
(4485, 'Joost', '', 'Pol', 5821),
(4486, 'Tom', 'van', 'Woudenbergh', 5819),
(4487, 'Jan', '', 'Osseforth', 5815),
(4488, 'Alfred', '', 'Maanen', 5811),
(4489, 'Edu', 'van', 'Mourik', 5812),
(4490, 'Onno', 'de', 'Jong', 5813),
(4491, 'Jeroen', 'van', 'Mejan', 5814),
(4492, 'Robby', 'Ter', 'Dallinga', 5818),
(4493, 'Kai', 'van', 'Buragevic', 5817),
(4494, 'Gerard', '', 'Engelenburg', 5820),
(4495, 'Mike', 'van', 'Looten', 5816),
(4496, 'Dominic', '', 'Tarasov', 5821),
(4497, 'Ramon', '', 'Wagensveld', 5819),
(4498, 'Aart-Jan', '', 'Huibers', 5815),
(4499, 'Mustapha', '', 'Jacobs', 5811),
(4500, 'Giovanni', '', 'Wormgoor', 5812),
(4501, 'Jochem', '', 'Donselaar', 5813),
(4502, 'Goran', '', 'Budding', 5814),
(4503, 'Jasper', '', 'Rebers', 5818),
(4504, 'Mariska', '', 'Beek', 5817),
(4505, 'Bart', 'in den', 'Quint', 5820),
(4506, 'Bert', '', 'Gerritse', 5816),
(4507, 'Twan', 'von', 'Engelage', 5821),
(4508, 'Antal', '', 'Keuben', 5819),
(4509, 'Devin', '', 'Lammers', 5815),
(4510, 'Richard', '', 'Giessen', 5811),
(4511, 'Erik', 'de', 'Olderen', 5812),
(4512, 'Jaap', 'de', 'Halm', 5813),
(4513, 'Hans', 'van den', 'Heuvel', 5814),
(4514, 'Toon', '', 'Kruistum', 5818),
(4515, 'Ludo', '', 'Majka', 5817),
(4516, 'Jan', '', 'Pellegrom', 5820),
(4517, 'Remco', '', 'Pritipalsingh', 5816),
(4518, 'Ferdie', '', 'Bos', 5821),
(4519, 'Ingmar', '', 'Malestein', 5819),
(4520, 'Nubian', 'van den', 'Top', 5815),
(4521, 'Marco', '', 'Drescher', 5811),
(4522, 'Bart', '', 'Haklander', 5812),
(4523, 'Henk', '', 'Vulpen', 5813),
(4524, 'Kristijan', 'de', 'Poulo', 5814),
(4525, 'Tom', '', 'Zaabat', 5818),
(4526, 'Michael', '', 'Nap', 5817),
(4527, 'Willem', 'ter', 'Boerstra', 5820),
(4528, 'Eric', '', 'Isenia', 5816),
(4529, 'Dennis', 'de', 'Pop', 5821),
(4530, 'Jeroen', '', 'Sharif', 5819),
(4531, 'Wilco', '', 'Brouwer', 5815),
(4532, 'Erwin', '', 'Diekstra', 5811),
(4533, 'Arjan', '', 'Teering', 5812),
(4534, 'Daniël', '', 'Barten', 5813),
(4535, 'Peter', '', 'Beker', 5814),
(4536, 'Maarten', '', 'Leferink', 5818),
(4537, 'Carlo', '', 'Beekhuizen', 5817),
(4538, 'Jasper', 'van den', 'Modderkolk', 5820),
(4539, 'Ronny', 'van den', 'Bollen', 5816),
(4540, 'Willem', '', 'Heikamp', 5821),
(4541, 'Noam', '', 'Foort', 5819),
(4542, 'Eelco', '', 'Rosendaal', 5815),
(4543, 'Tony', '', 'Shukri Sheekh-Ahmed', 5811),
(4544, 'Jeroen', '', 'Overeem', 5812),
(4545, 'Wander', '', 'Vugt', 5813),
(4546, 'Lex', 'van', 'Beekelaar', 5814),
(4547, 'Sanjay', '', 'Wisserhof', 5818),
(4548, 'Wilco', 'van den', 'Berg', 5817),
(4549, 'Erik', '', 'Bijl', 5820),
(4550, 'Martijn', '', 'Ommeren', 5816),
(4551, 'Peter', '', 'Broers', 5821),
(4552, 'Thierry', '', 'Willemsen', 5819),
(4553, 'Albertus', '', 'Bosch', 5815),
(4554, 'An', '', 'Botermans', 5811),
(4555, 'Ruben', '', 'Budding', 5812),
(4556, 'Corine', '', 'Verweij', 5813),
(4557, 'Maarten', '', 'Stutvoet', 5814),
(4558, 'Reyer', '', 'Neerbos', 5818),
(4559, 'Jan', '', 'Kersbergen', 5817),
(4560, 'Danny', '', 'Peek', 5820),
(4561, 'Remco', 'van den', 'Ploeg', 5816),
(4562, 'Tim', '', 'Draanen', 5821),
(4563, 'Jan', 'van', 'Dunnewold', 5819),
(4564, 'Bas', '', 'Hartigh', 5815),
(4565, 'Ivo', '', 'Dolman', 5811),
(4566, 'Roy', 'van', 'Groot', 5812),
(4567, 'Jeroen', '', 'Grasdijk', 5813),
(4568, 'Marijn', 'de', 'Leussen', 5814),
(4569, 'Miralem', '', 'Giesbergen', 5818),
(4570, 'Marco', '', 'Helms', 5817),
(4571, 'Marien', '', 'Timmer', 5820),
(4572, 'Mark', '', 'Martens', 5816),
(4573, 'Reitze', '', 'Driessen', 5821),
(4574, 'Ernst', '', 'Kruijff', 5819),
(4575, 'Kees', 'van der', 'Mezgouti', 5815),
(4576, 'Tamara', '', 'Suurling', 5811),
(4577, 'Maarten', '', 'Frentz', 5812),
(4578, 'Gert-Jan', '', 'Brunekreeft', 5813),
(4579, 'Rik', 'de', 'Sampsonakis', 5814),
(4580, 'Dimitri', '', 'Coleridge', 5818),
(4581, 'Wijnand', '', 'Kelderman', 5817),
(4582, 'Martin', '', 'Kloet', 5820),
(4583, 'Bas', '', 'Koops', 5816),
(4584, 'Meliksah', '', 'Schotman', 5821),
(4585, 'Marius', '', 'Sterk', 5819),
(4586, 'Bart', '', 'Jalink', 5815),
(4587, 'Thomas', '', 'Koolmees', 5811),
(4588, 'Robin', '', 'Hansen', 5812),
(4589, 'Suresh', 'van', 'Ruygt', 5813),
(4590, 'Sybren', '', 'Lutgendorff', 5814),
(4591, 'Robert', 'van', 'Meeuwissen', 5818),
(4592, 'Shivan', 'van der', 'Silfhout', 5817),
(4593, 'Maarten', '', 'Moerman', 5820),
(4594, 'Jan Hendrik', '', 'Koudijs', 5816),
(4595, 'David', 'van der', 'Wijk', 5821),
(4596, 'Sander', '', 'Nagel', 5819),
(4597, 'Alex', '', 'Ketelaars', 5815),
(4598, 'Dirk', 'van', 'Onvlee', 5811),
(4599, 'André', '', 'Petersen', 5812),
(4600, 'Dineke', 'van der', 'Aben', 5813),
(4601, 'Tim', '', 'Popering', 5814),
(4602, 'Indira', 'de', 'Brunekreeft', 5818),
(4603, 'Marvin', '', 'Bakarbessy', 5817),
(4604, 'Leonel', '', 'Brouwer', 5820),
(4605, 'Barry', '', 'Ritsema', 5816),
(4606, 'Dennis', '', 'Schoonhoven', 5821),
(4607, 'Ferrie', '', 'Aerts', 5819),
(4608, 'Jeffrey', '', 'Stam', 5815),
(4609, 'Sander', '', 'Laks', 5811),
(4610, 'Michael', '', 'Diepeveen', 5812),
(4611, 'Ben', '', 'Veen', 5813),
(4612, 'Chokdup', '', 'Vink', 5814),
(4613, 'Pieter', 'van der', 'Vliert', 5818),
(4614, 'Michael', 'van der', 'Voet', 5817),
(4615, 'Jeffrey', 'van der', 'Braakman', 5820),
(4616, 'Gerwin', '', 'Westerveld', 5816),
(4617, 'Evert', '', 'Taquin', 5821),
(4618, 'Raoul', 'van', 'Woudenberg', 5819),
(4619, 'Hans', '', 'Wubs', 5815),
(4621, 'Jaimie', '', 'Hofmeijer', 5812),
(4622, 'Laurens', '', 'Kleijer', 5813),
(4623, 'Hendri', '', 'Spelt', 5814),
(4624, 'Niels', '', 'Feenstra', 5818),
(4625, 'Gerrit', 'van', 'Uijting', 5817),
(4626, 'Robbin', '', 'Koppenhol', 5820),
(4627, 'Georgios', '', 'Bosveld', 5816),
(4628, 'Edward', '', 'Garde', 5821),
(4629, 'Hieu', '', 'Groeneveld', 5819),
(4630, 'Leon', '', 'Roodbergen', 5815),
(4631, 'Jasper', '', 'Loenhorst', 5811),
(4632, 'Gerbert', '', 'Velsen', 5812),
(4633, 'Gert Jan', '', 'Brouwer', 5813),
(4634, 'Dax', 'van der', 'Boonzaaijer', 5814),
(4635, 'Johan', '', 'Kooiker', 5818),
(4636, 'Jelco', 'van den', 'Brink', 5817),
(4637, 'Ruud', '', 'Craats', 5820),
(4638, 'Martijn', '', 'Holland', 5816),
(4639, 'Tom', '', 'Lange', 5821),
(4640, 'Tanya', '', 'Lapré', 5819),
(4641, 'Evert Jan', '', 'Pas', 5815),
(4642, 'Sjan', '', 'Hommel', 5811),
(4643, 'Danilo', '', 'Blotenburg', 5812),
(4644, 'Eelke', '', 'Geervliet', 5813),
(4645, 'Frederik', '', 'Verweij', 5814),
(4646, 'Mirel', 'van', 'Cameron', 5818),
(4647, 'Lars', '', 'Kruithof', 5817),
(4648, 'Mohamed', '', 'Tricotteux', 5820),
(4649, 'Sas', '', 'Schot', 5816),
(4650, 'Maarten', 'van der', 'Heij', 5821),
(4651, 'John', '', 'Janssen', 5819),
(4652, 'Tamara', 'de', 'Jong', 5815),
(4653, 'Tom', '', 'Kandemir', 5811),
(4654, 'Jaap', '', 'Koning', 5812),
(4655, 'Wouter', 'van der', 'Crea', 5813),
(4656, 'Marcel', '', 'Leppers', 5814),
(4657, 'Nick', '', 'Mardenborough', 5818),
(4658, 'Perry', '', 'Vork', 5817),
(4659, 'Gijs', '', 'Adriaanse', 5820),
(4660, 'Michel', '', 'Penters', 5816),
(4661, 'Jean Yves', '', 'Djafari', 5821),
(4662, 'Benjamin', 'van der', 'Jansen', 5819),
(4663, 'Mischa', '', 'Visser', 5815),
(4664, 'Thomas', 'de', 'Westerink', 5811),
(4665, 'Kenneth', 'van der', 'Vosse', 5812),
(4666, 'Brenda', 'van den', 'Berg', 5813),
(4667, 'Moumen', '', 'Vocht', 5814),
(4668, 'Patrick', '', 'Wal', 5818),
(4669, 'Jelmar', 'van den', 'Brink', 5817),
(4670, 'Serdar', 'van den', 'Brink', 5820),
(4671, 'Paul', '', 'Aydin', 5816),
(4672, 'Martijn', '', 'Rozijn', 5821),
(4673, 'Gert-Jan', 'van', 'Kok', 5819),
(4674, 'Karlijn', 'van', 'Vries', 5815),
(4675, 'Berrie', '', 'Hendriksen', 5811),
(4676, 'Farid', '', 'Valk', 5812),
(4677, 'Hendrik', '', 'Engeldorp Gastelaars', 5813),
(4678, 'Martijn', '', 'Freriks', 5814),
(4679, 'Niels', '', 'Harthoorn', 5818),
(4680, 'Stefan', '', 'Berghmans', 5817),
(4681, 'Merwin', '', 'Huisman', 5820),
(4682, 'Wout', '', 'Heus', 5816),
(4683, 'Jan', 'van den', 'Heuvel', 5821),
(4684, 'Dirk', '', 'Hol', 5819),
(4685, 'Wiljan', '', 'Hols', 5815),
(4686, 'Willem', '', 'Vonk', 5811),
(4687, 'Sergiu', '', 'Hulshof', 5812),
(4688, 'Erwin', '', 'Broek', 5813),
(4689, 'Paul', 'van der', 'Kuik', 5814),
(4690, 'Wijnand', '', 'Huisman', 5818),
(4691, 'Marcel', 'de', 'Dusschoten', 5817),
(4692, 'Edwin', '', 'Lagerweij', 5820),
(4693, 'Arjan', '', 'Kloosterziel', 5816),
(4694, 'Niels', '', 'Steenbergen', 5821),
(4695, 'Bauke', 'van der', 'Kraats', 5819),
(4696, 'Martijn', 'van der', 'Berk', 5815),
(4697, 'Erwin', '', 'Broek', 5811),
(4698, 'Robert', '', 'Mulder', 5812),
(4699, 'Jeroen', '', 'Noorland', 5813),
(4700, 'Sarel', 'van der', 'Loppies', 5814),
(4701, 'Nick', '', 'Brugman', 5818),
(4702, 'Martin', 'de', 'Heij', 5817),
(4703, 'Asli', '', 'Schut', 5820),
(4704, 'Rogier', '', 'Munster', 5816),
(4705, 'Mo', '', 'Hartkamp', 5821),
(4706, 'Joost', '', 'Ooijen', 5819),
(4707, 'Rolf', '', 'Oostendarp', 5815),
(4708, 'Mike', '', 'Oeveren', 5811),
(4709, 'Boyd', '', 'Smits', 5812),
(4710, 'Stefan', '', 'Laar', 5813),
(4711, 'Suzanne', '', 'Dalum', 5814),
(4712, 'Matthijs', 'van \'t', 'Paling', 5818),
(4713, 'Roy', '', 'Hasselman', 5817),
(4714, 'Koert', '', 'Roelofse', 5820),
(4715, 'Khalid', '', 'Smits', 5816),
(4716, 'Danny', '', 'Azzamouri', 5821),
(4717, 'Frank', '', 'Teunissen', 5819),
(4718, 'Corné', '', 'Post', 5815),
(4719, 'Gerjan', '', 'Spijkerbosch', 5811),
(4720, 'Marc', 'van der', 'Steeg', 5812),
(4721, 'Ellen', 'van der', 'Brenk', 5813),
(4722, 'Rob', '', 'Koster', 5814),
(4723, 'Louis', 'van', 'Wijk', 5818),
(4724, 'Bonne', 'de', 'Yang', 5817),
(4725, 'Gijsbert', '', 'Darwesh', 5820),
(4726, 'Barend', 'van der', 'Ekeris', 5816),
(4727, 'Arjan', '', 'Smitte', 5821),
(4728, 'Stevie', '', 'Hoef', 5819),
(4729, 'Sener', 'van', 'Raven', 5815),
(4730, 'Marwin', '', 'Ham', 5811),
(4731, 'Erwin', '', 'Torn', 5812),
(4732, 'Arjen', 'van', 'Silonero', 5813),
(4733, 'Farid', '', 'Hardeman', 5814),
(4734, 'Gerben', '', 'Vossers', 5818),
(4735, 'Rianto', '', 'Zidi', 5817),
(4736, 'Mouhad', '', 'Boom', 5820),
(4737, 'Erwin', '', 'Delshad', 5816),
(4738, 'Gerard', 'van de', 'Haar', 5821),
(4739, 'Wiemer', '', 'Dekker', 5819),
(4740, 'Andy', '', 'Bosch', 5815),
(4741, 'Job', 'ter', 'Ruiter', 5811),
(4742, 'Remco', '', 'Nab', 5812),
(4743, 'Rik', '', 'Elzenga', 5813),
(4745, 'William', 'in \'t', 'Vlasblom', 5818),
(4746, 'Roy', '', 'Top', 5817),
(4747, 'Gert - Jan', 'van', 'Eijk', 5820),
(4748, 'Gena', 'van den', 'Berg', 5816),
(4749, 'Paulien', '', 'Mechelen', 5821),
(4750, 'Yama', '', 'Donselaar', 5819),
(4751, 'Sander', '', 'Bijvank', 5815),
(4752, 'Jeroen', '', 'Brandt', 5811),
(4753, 'Andy', '', 'Slomp', 5812),
(4754, 'Senne', '', 'Tahamata', 5813),
(4755, 'Dennis', 'van', 'Bennekom', 5814),
(4756, 'Christiaan', '', 'Eissens', 5818),
(4757, 'Maron', 'van', 'Fliert', 5817),
(4758, 'Christiaan', '', 'Baaren', 5820),
(4759, 'Jurgen', 'de', 'Goris', 5816),
(4760, 'Daniël', '', 'Baars', 5821),
(4761, 'Johan', '', 'Barten', 5819),
(4762, 'Berkhet', '', 'Korstanje', 5815),
(4763, 'Jan', '', 'Horst', 5811),
(4764, 'Osama', '', 'Jagersma', 5812),
(4765, 'Amsah', '', 'Koers', 5813),
(4766, 'Johan', '', 'Mulder', 5814),
(4767, 'Willem', 'de', 'Jong', 5818),
(4768, 'Adriaan', '', 'Majong', 5817),
(4769, 'Jacco', '', 'Renes', 5820),
(4770, 'Tijmen', '', 'Slaats', 5816),
(4771, 'Gert-Jan', '', 'Jansen', 5821),
(4772, 'Christiaan', '', 'Snaphaan', 5819),
(4773, 'Frank', '', 'Calkhoven', 5815),
(4774, 'Wilbert', '', 'Weerd', 5811),
(4775, 'Etienne', 'van der', 'Doorn', 5812),
(4776, 'Michael', '', 'Meijer', 5813),
(4777, 'Bernando', '', 'Topal', 5814),
(4778, 'Corné', '', 'Heijne', 5818),
(4779, 'Wilco', 'van', 'Hudding', 5817),
(4780, 'Albert', '', 'Bunt', 5820),
(4781, 'Henk', '', 'Kraaijenzang', 5816),
(4782, 'Ken', '', 'Tenzing', 5821),
(4783, 'Woutjan', '', 'Hendriks', 5819),
(4784, 'Johan', '', 'Nijenhuis', 5815),
(4785, 'Michel', '', 'Hofland', 5811),
(4786, 'Marcel', '', 'Ibink', 5812),
(4787, 'Thijs', '', 'Bos', 5813),
(4788, 'Mark', '', 'Gerritsen', 5814),
(4789, 'Jean-Paul', 'van de', 'Oudsen', 5818),
(4790, 'Stefan', '', 'Keuken', 5817),
(4791, 'Esther', 'de', 'Koning', 5820),
(4792, 'Frans', '', 'Kampen', 5816),
(4793, 'Erwin', 'de', 'Langerak', 5821),
(4794, 'Denny', 'de', 'Hoek', 5819),
(4795, 'Danny', 'van het', 'Berghout', 5815),
(4796, 'Daniël', '', 'Tahir', 5811),
(4797, 'Jasper', '', 'Pham', 5812),
(4798, 'Erik', '', 'Janssen', 5813),
(4799, 'Chris', '', 'Rouwhorst', 5814),
(4800, 'Patrick', '', 'Smulders', 5818),
(4801, 'William', '', 'Spaander', 5817),
(4802, 'Gert', '', 'Dikkenberg', 5820),
(4803, 'Martin', '', 'Dikkenberg', 5816),
(4804, 'Matthieu', 'van den', 'Wiegel', 5821),
(4805, 'Steven', 'de', 'Eden', 5819),
(4806, 'Hamide', '', 'Gerkes', 5815),
(4807, 'Danny', '', 'Willems', 5811),
(4808, 'Ronald', 'van', 'Willigenburg', 5812),
(4809, 'Hikmet', '', 'Boer', 5813),
(4810, 'Mischa', 'den', 'Boer', 5814),
(4811, 'Mark', 'van den', 'Morren', 5818),
(4812, 'Kevin', '', 'Freriks', 5817),
(4813, 'Rik', 'van', 'Elsinga', 5820),
(4814, 'Mike', '', 'Ashtiani Kian', 5816),
(4815, 'William', '', 'Pol', 5821),
(4816, 'Johan', '', 'Cardol', 5819),
(4817, 'Maurice', '', 'Koenhen', 5815),
(4818, 'Niki', '', 'Berg', 5811),
(4819, 'Lucien', '', 'Verboom', 5812),
(4820, 'Rutger', 'van', 'Kleij', 5813),
(4821, 'Dennis', 'van der', 'Rooij', 5814),
(4822, 'Kees', '', 'Hoogendoorn', 5818),
(4823, 'Jan', '', 'Maanen', 5817),
(4824, 'Robert', '', 'Plantinga', 5820),
(4825, 'Berry', '', 'Symons', 5816),
(4826, 'Sjors', 'van', 'Roekel', 5821),
(4827, 'Gerard', '', 'Rozema', 5819),
(4828, 'Ivo', 'van der', 'Sluis', 5815),
(4829, 'Dion', 'van', 'Bergh', 5811),
(4830, 'Maarten', 'van', 'Venema', 5812),
(4831, 'Idris', '', 'Lee', 5813),
(4832, 'Dirk Jan', '', 'Weijman', 5814),
(4833, 'Wilhelm', '', 'Willems', 5818),
(4834, 'Danny', 'van', 'Wilts', 5817),
(4835, 'Dennis', 'de', 'Westerink', 5820),
(4836, 'Heidi', '', 'Zwarts', 5816),
(4837, 'Martijn', '', 'Pol', 5821),
(4838, 'Wouter', '', 'Hanegraaf', 5819),
(4839, 'Alicia', '', 'Walravens', 5815),
(4840, 'Bart', 'van', 'Bloed', 5811),
(4841, 'Rob', '', 'Elten', 5812),
(4842, 'Ricky', '', 'Brand', 5813),
(4843, 'Bas', '', 'Fakiri', 5814),
(4844, 'Dirk-Jan', 'van den', 'Peters', 5818),
(4845, 'Jan Willem', '', 'Brugman', 5817),
(4846, 'Clint', '', 'Horjus', 5820),
(4847, 'Rob', 'van', 'Visser', 5816),
(4848, 'Albert Jan', '', 'Franke', 5821),
(4849, 'Arie', '', 'Geurs', 5819),
(4850, 'Mike', 'de', 'Graaf', 5815),
(4851, 'Erik', 'van de', 'Oosten', 5811),
(4852, 'Wouter', '', 'Hardeman', 5812),
(4853, 'Gerard', '', 'Amerongen', 5813),
(4854, 'Mark-Jan', 'den', 'Veen', 5814),
(4855, 'Stefan', '', 'Hattem', 5818),
(4856, 'Robert', '', 'Elk', 5817),
(4857, 'Brahim', '', 'Norel', 5820),
(4858, 'Rogier', '', 'Pater', 5816),
(4859, 'Frank', '', 'Kamping', 5821),
(4860, 'Jesse', '', 'Kuur', 5819),
(4861, 'Michel', '', 'Gerritse', 5815),
(4862, 'Rose', 'van', 'Berkt', 5811),
(4863, 'Zippora', '', 'Hartog', 5812),
(4864, 'Zaïyah', '', 'Traore', 5813),
(4865, 'Lynn', '', 'Randwijk', 5814),
(4866, 'Robin', '', 'Steenbergen', 5818),
(4867, 'Dominique', '', 'Rutgers', 5817),
(4868, 'Jur', '', 'Roelofsen', 5820),
(4869, 'Tobias', '', 'Rauws', 5816),
(4870, 'John', '', 'Ruigrok', 5821),
(4871, 'Toy', '', 'Verzijl', 5819),
(4872, 'Mitchel', '', 'Domingos', 5815),
(4873, 'Mark', '', 'Brinks', 5811),
(4874, 'Klaas - Jan', '', 'Thomas', 5812),
(4875, 'Johan', '', 'Huijdink', 5813),
(4876, 'Gerrit', '', 'Trierum', 5814),
(4877, 'Edward', '', 'Beekhuizen', 5818),
(4878, 'Anne', '', 'Ahmad', 5817),
(4879, 'Symen', '', 'Jansen', 5820),
(4880, 'Peter', '', 'Wielinga', 5816),
(4881, 'Roy', '', 'Wingerden', 5821),
(4882, 'Albert', 'de', 'Manuputty', 5819),
(4883, 'Dennis', '', 'Alberts', 5815),
(4884, 'Anne', '', 'Bemmel', 5811),
(4885, 'Mark', 'van den', 'Berg', 5812),
(4886, 'Remon', 'van den', 'Brink', 5813),
(4887, 'Léon', 'van den', 'Verhagen', 5814),
(4888, 'Rob', 'van', 'Wal', 5818),
(4889, 'Micha', '', 'Massarrat', 5817),
(4890, 'Mathijs', 'van de', 'Es', 5820),
(4892, 'Sander', '', 'Beek', 5821),
(4893, 'Jordy', '', 'Houten', 5819),
(4894, 'Sven', '', 'Marginet', 5815),
(4895, 'Bouba', 'van', 'Roseboom', 5811),
(4896, 'Koen', '', 'Weerd', 5812),
(4897, 'Wietse', '', 'Peperkamp', 5813),
(4898, 'Klaas', '', 'Holierhoek', 5814),
(4899, 'Arjan', '', 'Starreveld', 5818),
(4900, 'Gerrit', '', 'Takens', 5817),
(4901, 'René', '', 'Termaten', 5820),
(4902, 'Wendy', '', 'Lacunes', 5816),
(4903, 'Abdel', 'van', 'Veenbrink', 5821),
(4904, 'Ganeshwar', '', 'Vergeest', 5819),
(4905, 'Henk', 'van', 'Willigenburg', 5815),
(4906, 'Erik', '', 'Wolffers', 5811),
(4907, 'Femke', '', 'Jong', 5812),
(4908, 'Chris', '', 'Rutten', 5813),
(4910, 'Franck', '', 'Honcoop', 5818),
(4912, 'Robin', '', 'Loo', 5820),
(4914, 'Gerdien', '', 'Bosman', 5821),
(4916, 'Tim', '', 'Bouman', 5815),
(4918, 'Patrick', 'den', 'Diggele', 5812),
(4920, 'René', '', 'Hulsman', 5814),
(4922, 'Deborah', '', 'Goorhuis', 5817),
(4923, 'Leroy', '', 'Maarouf', 5820),
(4925, 'Antoine', '', 'Arbouw', 5821),
(4926, 'Gijsbert', '', 'Pol', 5819),
(4927, 'William', '', 'Ragas', 5815),
(4929, 'Frank', '', 'Schaap', 5812),
(4931, 'Michel', '', 'Sharifi', 5814),
(4932, 'Jeffrey', '', 'Pijpers', 5818),
(4933, 'Vernes', 'van', 'Gol', 5817),
(4934, 'René', '', 'Dusschoten', 5820),
(4935, 'Martijn', 'van', 'Landwaart', 5816),
(4936, 'Bram', '', 'Berg', 5821),
(4937, 'Christiaan', '', 'Graaf', 5819),
(4938, 'Frits', '', 'Valkenburg', 5815),
(4939, 'Wouter', '', 'Kemperman', 5811),
(4940, 'Niels', '', 'Kranen', 5812),
(4941, 'Hendrik', '', 'Malmberg', 5813),
(4942, 'Kees', '', 'Nieuwhof', 5814),
(4943, 'Kamal', '', 'Remmerde', 5818),
(4944, 'Wesley', '', 'Vervat', 5817),
(4945, 'Rik', 'van', 'Nawzadi', 5820),
(4946, 'Stefan', 'de', 'Wildemans', 5816),
(4947, 'Laurence', '', 'Bouw', 5821),
(4948, 'Tonko', 'van', 'Beltman', 5819),
(4949, 'Tom', '', 'Maria', 5815),
(4950, 'Ronald', '', 'Willemsz', 5811),
(4951, 'Marcel', '', 'Degen', 5812),
(4952, 'Nick', 'van der', 'Cheung', 5813),
(4953, 'Daniel', 'van', 'Harn', 5814),
(4954, 'Martijn', 'el', 'Hassnaoui', 5818),
(4955, 'Wim', '', 'Beenen', 5817),
(4956, 'Jan-Jaap', '', 'Mars', 5820),
(4957, 'Guillermo', '', 'Lambers', 5816),
(4958, 'Rik', '', 'Burnette', 5821),
(4959, 'Britt', '', 'Willems', 5819),
(4960, 'Michael', 'van', 'Wilde', 5815),
(4961, 'Jos', 'van', 'Drost', 5811),
(4962, 'Cyp', '', 'Pater', 5812),
(4963, 'Melanie', '', 'Hager', 5813),
(4964, 'Richard', 'van den', 'Böhmer', 5814),
(4965, 'Gedeion', '', 'Bogert', 5818),
(4966, 'Ibrahim', '', 'Hupkes', 5817),
(4967, 'Leo', 'van de', 'Dechène', 5820),
(4968, 'Lars', '', 'Eshuis', 5816),
(4969, 'Marina', '', 'Berkhof', 5821),
(4970, 'Jeroen', 'el', 'Farissi', 5819),
(4971, 'Maikel', '', 'Tosun', 5815),
(4972, 'Dirk', 'van der', 'Beek', 5811),
(4973, 'Daniël', '', 'Leth', 5812),
(4974, 'Ben', '', 'Smook', 5813),
(4975, 'Marita', '', 'Kraaima', 5814),
(4976, 'Menno', 'den', 'Kamp', 5818),
(4977, 'Tonchi', '', 'Slaman', 5817),
(4978, 'Demi', '', 'Pijls', 5820),
(4979, 'Jan', '', 'Putman', 5816),
(4980, 'Matthijs', '', 'Rekum', 5821),
(4981, 'Roger', '', 'Huisman', 5819),
(4982, 'Lin', 'van', 'Heije', 5815),
(4983, 'Tim', '', 'Buit', 5811),
(4984, 'Rien', '', 'Burgers', 5812),
(4985, 'Rico', 'van', 'Beek', 5813),
(4986, 'Jacco', 'van', 'Hiemstra', 5814),
(4988, 'Matthijs', '', 'Aggelen', 5817),
(4989, 'Ard', 'de', 'Grevengoed', 5820),
(4990, 'Mustafa', 'van de', 'Nijhof', 5816),
(4991, 'Derrick', '', 'Kandemir', 5821),
(4992, 'Malenge', '', 'Kolk', 5819),
(4993, 'Jeroen', '', 'Kommer', 5815),
(4994, 'Lennart', '', 'Urdu', 5811),
(4995, 'Benny', 'van', 'Leijen', 5812),
(4996, 'Arie', 'van', 'Kuduzovic', 5813),
(4997, 'Jasper', '', 'Aalbers', 5817),
(4998, 'William', '', 'Miert', 5818),
(4999, 'René', '', 'Dommelen', 5817),
(5000, 'Sander', '', 'Siebesma', 5820),
(5001, 'Léon', 'van de', 'Sluiter', 5816),
(5002, 'Artin', '', 'Stap', 5821),
(5003, 'Martin', 'van de', 'Willemsen', 5819),
(5004, 'Darya', '', 'Burgstede', 5815),
(5006, 'Martijn', '', 'Zaaijer', 5812),
(5007, 'Roy', '', 'Bos', 5813),
(5008, 'Ramie', '', 'Dijk', 5814),
(5009, 'Dick', '', 'Huisman', 5818),
(5010, 'Wilbert', 'van', 'Draaijer', 5817),
(5011, 'Stefan', '', 'Bergane', 5820),
(5012, 'Daan', '', 'Maalderink', 5816),
(5013, 'Jeroen', 'van de', 'Engelenburg', 5821),
(5014, 'Gerrit', '', 'Pontolaeng', 5819),
(5015, 'Bennie', 'van', 'Elskamp', 5815),
(5016, 'Diederik', '', 'Schuurman', 5811),
(5017, 'Mario', '', 'Reep', 5812),
(5018, 'Mariska', 'van', 'Nieuwboer', 5813),
(5019, 'Tom', '', 'Verwoert', 5814),
(5020, 'Willard', '', 'Laar', 5818),
(5021, 'Derek', '', 'Hendriks', 5817),
(5022, 'Dirk-Jan', '', 'Zeverboom', 5820),
(5023, 'Michael', '', 'Bax', 5816),
(5024, 'Lee', '', 'Tijssen', 5821),
(5026, 'Mark', '', 'Dijk', 5815),
(5028, 'Jeroen', '', 'Dirks', 5812),
(5029, 'Erik', '', 'Kessel', 5813),
(5030, 'Pieterjan', '', 'Lantink', 5814),
(5031, 'Erik', '', 'Chamss', 5818),
(5032, 'Maikel', '', 'Pad', 5817),
(5033, 'Job', '', 'Gooijer', 5820),
(5034, 'Kira', '', 'Jacobsen', 5816),
(5035, 'Roy', '', 'Vilijn', 5821),
(5036, 'Edwin', 'de', 'Waal', 5819),
(5037, 'Patrick', '', 'Schouwenaar', 5815),
(5038, 'Jordy', '', 'Middendorp', 5811),
(5039, 'Cor', '', 'Remmerde', 5812),
(5040, 'Mike', '', 'Westra', 5813),
(5041, 'Richard', '', 'Jacobs', 5814),
(5042, 'Rudy', '', 'Slotboom', 5818),
(5043, 'Aimad', '', 'Roseboom', 5817),
(5044, 'Cees', '', 'Wesselink', 5820),
(5045, 'Bennie', '', 'Cupédo', 5816),
(5046, 'Eelco', '', 'Vermaat', 5821),
(5047, 'Willem', '', 'Oostveen', 5819),
(5048, 'Rutger', '', 'Imminkhuizen', 5815),
(5049, 'Niels', '', 'Kluft', 5811),
(5050, 'Michaël', '', 'Haverkamp', 5812),
(5051, 'Harry', 'van', 'Murgia', 5813),
(5052, 'Bas', '', 'Broek', 5814),
(5053, 'Marcel', '', 'Torre', 5818),
(5054, 'Mohannad', 'van', 'Steegh', 5817),
(5055, 'Nick', 'de', 'Baadjou', 5820),
(5056, 'Dennis', '', 'Visser', 5816),
(5057, 'Martin', 'van', 'Woudenbergh', 5821),
(5058, 'Berry', 'van', 'Haider', 5819),
(5059, 'René', '', 'Scholtus', 5815),
(5060, 'Joffrey', 'van den', 'Doef', 5811),
(5061, 'Wout Peter', 'van', 'Otto', 5812),
(5062, 'Job', '', 'Otten', 5813),
(5063, 'Johan', 'de', 'Faris Delile', 5814),
(5064, 'Joost', '', 'Kappers', 5818),
(5065, 'Christian', '', 'Keulen', 5817),
(5066, 'Arnoud', '', 'Mijderwijk', 5820),
(5068, 'Jolanda', '', 'Kreuk', 5821),
(5069, 'Johan', '', 'Rovers', 5819),
(5070, 'Bart', '', 'Liu', 5815),
(5071, 'Jeffrey', '', 'Hengst', 5811),
(5072, 'Paul', '', 'Visser', 5812),
(5073, 'Jeroen', 'de', 'Wijnen', 5813),
(5074, 'Jan-Willem', 'van den', 'Jansen', 5814),
(5075, 'Tony', '', 'El Hamdaoui', 5818),
(5076, 'Paula', '', 'Beek', 5817),
(5077, 'Job', 'de', 'Brummel', 5820),
(5078, 'Klaske', '', 'Kamrowski', 5816),
(5079, 'Eefje', '', 'Schans', 5821),
(5080, 'Arjan', '', 'Radstake', 5819),
(5081, 'Christiaan', '', 'Martens', 5815),
(5082, 'Wesley', 'van', 'Groot', 5811),
(5083, 'Johnny', '', 'Scheur', 5812),
(5084, 'Farhad', '', 'Arendonk', 5813),
(5085, 'Koen', '', 'Vreeman', 5814),
(5086, 'Luuk', '', 'Lam', 5818),
(5087, 'Joris', '', 'Bouvy', 5817),
(5088, 'Selvet', '', 'Stoker', 5820),
(5089, 'Carlo', '', 'Hartog', 5816),
(5090, 'Kevin', '', 'Egdom', 5821),
(5091, 'Patrick', '', 'Kieft', 5819),
(5092, 'Menno', '', 'Berg', 5815),
(5093, 'Remco', 'van den', 'Druijff', 5811),
(5094, 'Almer', '', 'Bos', 5812),
(5095, 'Edwin', '', 'Montfoort', 5813),
(5096, 'Martijn', '', 'Riessen', 5814),
(5097, 'Jaap', 'de', 'Graaf', 5818),
(5098, 'Ineke', 'van', 'Heebink', 5817),
(5099, 'Alaric', '', 'Anannaz', 5820),
(5100, 'Christiaan', '', 'Abdullah', 5816),
(5101, 'Bastiaan', '', 'Visee', 5821),
(5102, 'Gerben', '', 'Bolder', 5819),
(5103, 'Baraka', '', 'Startman', 5815),
(5104, 'Ali', 'van', 'Hartog', 5811),
(5105, 'Jennifer', 'de', 'Oosterink', 5812),
(5106, 'Robert', '', 'Benthem', 5813),
(5107, 'Erwin', '', 'Bongers', 5814),
(5108, 'Christian', '', 'Dons', 5818),
(5109, 'Marcel', '', 'Floor', 5817),
(5110, 'Stefano', '', 'Leeuw', 5820),
(5111, 'Peter', '', 'Costa Andre', 5816),
(5112, 'Michel', '', 'Husson', 5821),
(5113, 'Daniël', '', 'Mulder', 5819),
(5114, 'Wilco', '', 'Noordmans', 5815),
(5115, 'Tuncay', '', 'Hamdaoui', 5811),
(5116, 'Johnny', '', 'Sahintürk', 5812),
(5117, 'Julien', '', 'Diawara', 5813),
(5118, 'Michael', '', 'Warlich', 5814),
(5119, 'Daniël', '', 'Visser', 5818),
(5120, 'Benjamin', 'van', 'Heijden', 5817),
(5121, 'Ricardo', '', 'Bongers', 5820),
(5122, 'Leon', '', 'Bosman', 5816),
(5123, 'Waldo', '', 'Brink', 5821),
(5124, 'Erik', '', 'Boersen', 5819),
(5125, 'Roan', 'van', 'Gelderen', 5815),
(5126, 'Hendri', '', 'Hol', 5811),
(5127, 'Alex', 'de', 'Jansen', 5812),
(5128, 'Remco', 'de', 'Abdi', 5813),
(5129, 'Mark', '', 'Lashgari', 5814),
(5130, 'Geert-Jan', '', 'Pauw', 5818),
(5131, 'Gonneke', '', 'Pfaff', 5817),
(5132, 'Laurens', 'van', 'Hardeman', 5820),
(5133, 'Corina', 'van', 'Ruitenbeek', 5816),
(5134, 'Gert', '', 'Rijken', 5821),
(5135, 'René', 'van', 'Tollenaar', 5819),
(5136, 'Patrick', '', 'Hanssen', 5815),
(5137, 'Marco', 'van', 'Soomeren', 5811),
(5138, 'Marjolein', 'van', 'Qualm', 5812),
(5139, 'Soner', '', 'Voorde', 5813),
(5140, 'Paul', 'van', 'Mekking', 5814),
(5141, 'Mehran', 'van', 'El', 5818),
(5142, 'Michael', '', 'Teer', 5817),
(5143, 'John', '', 'Barneveld', 5820),
(5144, 'Sander', '', 'Hoogveld', 5816),
(5145, 'Bobby', '', 'Lissenberg', 5821),
(5146, 'Michael', 'van', 'Voskuilen', 5819),
(5147, 'Mark', 'van', 'Brug', 5815),
(5149, 'Marc', '', 'Ruiter', 5812),
(5150, 'Mounir', '', 'Manting', 5813),
(5151, 'Michiel', '', 'Gudden', 5814),
(5152, 'Pieter', '', 'Jansen', 5818),
(5153, 'Vincent', '', 'Megen', 5817),
(5155, 'Jochem', 'van', 'Darwinkel', 5816),
(5156, 'Koen', '', 'Nek', 5821),
(5157, 'Joris', '', 'Daniels', 5819),
(5158, 'Ewald', '', 'Vries', 5815),
(5159, 'Marvin', '', 'Vermaas', 5811),
(5160, 'Jelle', '', 'Ingen', 5812),
(5161, 'Jeroen', '', 'Baggel', 5813),
(5162, 'Jeroen', '', 'Kruistum', 5814),
(5163, 'Guido', '', 'Hovestad', 5818),
(5164, 'Galid', '', 'Navest', 5817),
(5165, 'Wouter', '', 'Koenders', 5820),
(5166, 'Seref', '', 'Versteeg', 5816),
(5167, 'Marco', '', 'Postma', 5821),
(5168, 'Marieke', '', 'Top', 5819),
(5169, 'Robby', '', 'Bhoera', 5815),
(5170, 'Henko', '', 'Daalmeijer', 5811),
(5171, 'Wesley', '', 'Weerd', 5812),
(5172, 'Mohammed', '', 'Frankenhuizen', 5813),
(5173, 'Thirza', '', 'Sen', 5814),
(5174, 'Reinier', 'van', 'Miedema', 5818),
(5175, 'Awat', '', 'Delissen', 5817),
(5176, 'Kai', '', 'Poelgeest', 5820),
(5177, 'Ronald', '', 'Beek', 5816),
(5178, 'Rutger', 'van', 'Landman', 5821),
(5179, 'Fouad', 'van den', 'Kooten', 5819),
(5180, 'David', 'van', 'Ginkel', 5815),
(5181, 'Ernesto', '', 'Hosgören', 5811),
(5182, 'Anja', '', 'Oostindie', 5812),
(5183, 'Mike', '', 'Philipsen', 5813),
(5184, 'Eric', '', 'Piekema', 5814),
(5185, 'Rien', '', 'Bosch', 5818),
(5186, 'Willemijn', 'van der', 'Voet', 5817),
(5187, 'Michael', '', 'Schut', 5820),
(5188, 'Jeffry', '', 'Beek', 5816),
(5189, 'Harmjan', '', 'Marsman', 5821),
(5190, 'Niek', '', 'Terlouw', 5819),
(5191, 'Mohammed', '', 'Banoudi', 5815),
(5192, 'Martin', '', 'Lagen', 5811),
(5193, 'Melle', '', 'Boer', 5812),
(5194, 'Sandra', '', 'Stunnenberg', 5813),
(5195, 'Leslie', '', 'Lagen', 5814),
(5196, 'Nathalie', '', 'Sigalas', 5818),
(5197, 'Marcel', '', 'Tettero', 5817),
(5198, 'Jeroen', '', 'Imminkhuizen', 5820),
(5199, 'Rob', 'van', 'Amptmeijer', 5816),
(5200, 'Michel', 'van', 'Enk', 5821),
(5201, 'Jeroen', '', 'Fhim', 5819),
(5202, 'Christian', '', 'Brenk', 5815),
(5203, 'Robert', '', 'Kleef', 5811),
(5205, 'Ahad', 'van der', 'Meijden', 5813),
(5206, 'Jasper', '', 'Berns', 5814),
(5207, 'Adel', '', 'Vermeer', 5818),
(5208, 'Luciano', '', 'Sterkenburg', 5817),
(5209, 'Dino', '', 'Donkelaar', 5820),
(5210, 'Bertjan', '', 'Derksen', 5816),
(5211, 'Martin', '', 'Obbema', 5821),
(5212, 'Matthijs', '', 'Groote', 5819),
(5213, 'Marein', '', 'Verkuijten', 5815),
(5214, 'Hilbert', '', 'Weerthof', 5811),
(5215, 'Jan', '', 'Leusden', 5812),
(5216, 'Bart', 'van', 'Grad', 5813),
(5217, 'Jaimie', '', 'Slootweg', 5814),
(5218, 'Danny', '', 'Bosch', 5818),
(5219, 'Wouter', '', 'Duinkerken', 5817),
(5220, 'Gijsbert', 'van', 'Kooten', 5820),
(5221, 'Martian', 'van', 'Ginkel', 5816),
(5222, 'Youri', '', 'Helmus', 5821),
(5223, 'Frank', '', 'Leeuw', 5819),
(5224, 'Josien', '', 'Arisse', 5815),
(5225, 'Laura', '', 'Jansen', 5811),
(5226, 'Juél', '', 'Kuit', 5812),
(5227, 'Cynthia', 'van der', 'Vermaire', 5813),
(5228, 'Jeroen', '', 'Pavert', 5814),
(5229, 'Andy', '', 'Ponjée', 5818),
(5230, 'Remon', 'van den', 'Tänzer', 5817),
(5231, 'Jelmer', '', 'Verstegen', 5820);
INSERT INTO `speler` (`ID`, `callsign`, `insertion`, `lastname`, `schoolID`) VALUES
(5232, 'Irene', '', 'Aydin', 5816),
(5233, 'Maarten', '', 'Manen', 5821),
(5234, 'Niels', '', 'Hentenaar', 5819),
(5235, 'Job', 'van', 'Boelhouwer', 5815),
(5236, 'Jasper', '', 'Henken', 5811),
(5237, 'Jeroen', 'van', 'Viegen', 5812),
(5238, 'Dirk', '', 'Arends', 5813),
(5239, 'Patrick', 'van', 'Hardeman', 5814),
(5240, 'Bas', '', 'Beket', 5818),
(5241, 'Bas', 'van den', 'Meer', 5817),
(5242, 'Erik', '', 'Donkervoort', 5820),
(5243, 'Bram', '', 'Ursinus', 5816),
(5244, 'Mohamed Charif', '', 'Mazgouti', 5821),
(5245, 'Peter', '', 'Pardijs', 5819),
(5246, 'Nienke', '', 'Veld', 5815),
(5247, 'Dominique', 'van', 'Blom', 5811),
(5248, 'Remy', 'van', 'Schoonderbeek', 5812),
(5249, 'Jerrel', '', 'Eisenga', 5813),
(5250, 'Daan', 'van', 'Bos', 5814),
(5251, 'Ivo', '', 'Rijsemus', 5818),
(5252, 'Jalil', '', 'Harmsen', 5817),
(5253, 'Erik', '', 'Heikamp', 5820),
(5254, 'Marije', '', 'Dorré', 5816),
(5255, 'Jan Willem', 'van den', 'Brink', 5821),
(5256, 'Tim', 'van der', 'Hoefnagel', 5819),
(5257, 'Nico', 'van de', 'Haar', 5815),
(5258, 'Maarten', '', 'Hardeman', 5811),
(5259, 'Hendrik', 'van', 'Harn', 5812),
(5260, 'Michiel', 'den', 'Fregia', 5813),
(5261, 'Bram', '', 'Bons', 5814),
(5262, 'Robbert', '', 'Peilouw', 5818),
(5263, 'André', '', 'Gaalen', 5817),
(5264, 'Patrick', 'de', 'Beukhof', 5820),
(5265, 'Frank', '', 'Augustuszoon', 5816),
(5266, 'Niels', '', 'Brouwer', 5821),
(5267, 'Gerron', '', 'Rens', 5819),
(5268, 'Xander', '', 'Timmer', 5815),
(5269, 'Sven', '', 'Abrahamse', 5811),
(5270, 'Arjan', 'de', 'Mahendram', 5812),
(5271, 'Marco', '', 'Lubbers', 5813),
(5272, 'Tjerk', '', 'Pauw', 5814),
(5273, 'Bert Jan', 'van', 'Adams', 5818),
(5274, 'Matthijs', '', 'Rutten', 5817),
(5275, 'Peter', 'van de', 'Thijssen', 5820),
(5276, 'Maron', '', 'Belhaj', 5816),
(5277, 'Hans', 'van de', 'Dijs', 5821),
(5278, 'Joël', 'van den', 'Kok', 5819),
(5279, 'Rachid', 'van', 'Man', 5815),
(5280, 'Mark', '', 'Zuuring', 5811),
(5281, 'Marcel', 'van', 'Essen', 5812),
(5282, 'Léon', 'de', 'Heusinkveld', 5813),
(5283, 'Jos', '', 'Sinnema', 5814),
(5284, 'Jan', '', 'Beekhuizen', 5818),
(5285, 'Merijn', '', 'Top', 5817),
(5286, 'Stefan', '', 'Boers', 5820),
(5287, 'Sander', '', 'Bouwman', 5816),
(5288, 'Mark', 'van', 'Heenck', 5821),
(5289, 'Delano', '', 'Hendriksen', 5819),
(5290, 'Lennard', '', 'Laurens', 5815),
(5291, 'Wike', '', 'Wit', 5811),
(5292, 'Andy', '', 'Meerwijk', 5812),
(5293, 'Arnold', 'Al', 'Bruis', 5813),
(5294, 'Stefan', 'van de', 'Jeurissen', 5814),
(5295, 'Laura', '', 'Kruif', 5818),
(5296, 'Jeroen', '', 'Samangun', 5817),
(5297, 'Hessel', '', 'Bos', 5820),
(5298, 'Saskia', '', 'Tiggelman', 5816),
(5299, 'Benny', '', 'Kuik', 5821),
(5300, 'Patrick', 'el', 'König', 5819),
(5301, 'Emiel', '', 'Döhne', 5815),
(5302, 'Robin', 'van', 'Hamdard', 5811),
(5303, 'Arian', '', 'Hoey', 5812),
(5304, 'Erwin', '', 'Lijcke', 5813),
(5305, 'Martijn', '', 'Veenbrink', 5814),
(5306, 'Ruben', 'van de', 'Oudsten', 5818),
(5307, 'Hans', '', 'Yildiz', 5817),
(5308, 'Emma', 'van', 'Hup', 5820),
(5309, 'Ruud', 'van der', 'Geerenstein', 5816),
(5310, 'Erik', '', 'Piek', 5821),
(5311, 'Ronald', '', 'Deelen', 5819),
(5312, 'Jan', '', 'Andeweg', 5815),
(5313, 'Leon', 'van den', 'Kok', 5811),
(5314, 'Marijn', '', 'Schinkel', 5812),
(5315, 'Victor', 'van', 'Braber', 5813),
(5316, 'Mathijs', 'van', 'Ginkel', 5814),
(5317, 'Martijn', '', 'As', 5818),
(5318, 'Gert-Jan', 'van', 'Quint', 5817),
(5319, 'Tamar', '', 'Huisman', 5820),
(5320, 'Peter', 'van', 'Amenchar', 5816),
(5321, 'Tobias', '', 'Klumpert', 5821),
(5322, 'Wesley', '', 'Wennekes', 5819),
(5323, 'David', 'van der', 'Ham', 5815),
(5324, 'Nick', 'de', 'Beuving', 5811),
(5325, 'Michiel', '', 'Sanders', 5812),
(5326, 'Ron', '', 'Koskamp', 5813),
(5327, 'Ferry', 'van', 'Meij', 5814),
(5328, 'Jaco', 'van der', 'Waard', 5818),
(5329, 'Diana', 'van der', 'Zandschulp', 5817),
(5330, 'Perré', '', 'Andeweg', 5820),
(5331, 'Alex', 'van', 'Ham', 5816),
(5332, 'Yee Man', '', 'Scheur', 5821),
(5333, 'Michiel', '', 'Nieuwenburg', 5819),
(5334, 'Mauritz', '', 'Engelenburg', 5815),
(5335, 'Gert', '', 'Colstee', 5811),
(5336, 'Marcel', '', 'Eck', 5812),
(5337, 'Sozdar', '', 'Romijn', 5813),
(5338, 'Timber', '', 'Ham', 5814),
(5339, 'André', '', 'Kruijf', 5818),
(5340, 'Jannick', '', 'Beek', 5817),
(5341, 'Hakan', '', 'Groeneveld', 5820),
(5342, 'Jeroen', '', 'Trommelen', 5816),
(5343, 'Benedict', '', 'Luiten', 5821),
(5344, 'Jacky', '', 'Elberts', 5819),
(5345, 'Jeffrey', 'van de', 'Slagter', 5815),
(5346, 'Kevin', 'van der', 'Pluijgers', 5811),
(5347, 'Albert', '', 'Coenen', 5812),
(5348, 'Henry', '', 'Schreurs', 5813),
(5349, 'Mark', '', 'Krijgsman', 5814),
(5350, 'Elmar', '', 'Hendriksen', 5818),
(5351, 'Henk', '', 'Louwaard', 5817),
(5352, 'Stefan', '', 'Peterse', 5820),
(5353, 'Hakim', '', 'Vermeulen', 5816),
(5354, 'Resa', 'van', 'Vlist', 5821),
(5355, 'Wilco', '', 'Bor', 5819),
(5356, 'Corwin', 'van', 'Andolfi', 5815),
(5357, 'Danny', '', 'Hendrikse', 5811),
(5358, 'Michaël', 'van', 'Karaçali', 5812),
(5359, 'Hendrik', '', 'Bekâr', 5813),
(5360, 'Patrick', '', 'Floor', 5814),
(5361, 'Rijk', 'van', 'Pol', 5818),
(5362, 'Mina', 'van', 'Dijk', 5817),
(5363, 'Zweer', '', 'Breedijk', 5820),
(5364, 'Martijn', '', 'Visser', 5816),
(5365, 'Edwin', '', 'Holstein', 5821),
(5366, 'Daniël', '', 'Hendriksen', 5819),
(5367, 'Age', '', 'Hofte', 5815),
(5368, 'Miriam', '', 'Koetsier', 5811),
(5369, 'Soraya', '', 'Noort', 5812),
(5370, 'Brienen', '', 'Pattynama', 5813),
(5371, 'Johan', '', 'Cromwijk', 5814),
(5372, 'Valerie', '', 'Tan', 5818),
(5373, 'Stephanie', '', 'Schwanke', 5817),
(5374, 'Daniël', 'van', 'Veldhuizen', 5820),
(5375, 'Jan', '', 'Schoolmeester', 5816),
(5376, 'Tim', '', 'Wichman', 5821),
(5377, 'Irene', 'van', 'Taanabout', 5819),
(5378, 'Arne', 'van de', 'Vliet', 5815),
(5379, 'Michèl', '', 'Hoogerdijk', 5811),
(5380, 'Abdelouahid', 'de', 'Harthoorn', 5812),
(5381, 'Johan', 'van', 'Wart', 5813),
(5382, 'Emile', '', 'Weideman', 5814),
(5383, 'Brigitte', '', 'Dijk', 5818),
(5384, 'Tamara', '', 'Ommeren', 5817),
(5385, 'Maikel', '', 'Ninaber', 5820),
(5386, 'Roel', '', 'Zon', 5816),
(5387, 'Francisco', '', 'Jacobs', 5821),
(5388, 'Kenneth', '', 'Krol', 5819),
(5389, 'José', 'van der', 'Egdom', 5815),
(5390, 'Iwan', '', 'Degen', 5811),
(5391, 'Kees', '', 'Winsen', 5812),
(5392, 'Corné', 'van', 'Dokter', 5813),
(5393, 'Peter', '', 'Ramautar', 5814),
(5394, 'Guido', '', 'Tweeboom', 5818),
(5395, 'Mathew', '', 'Dekkers', 5817),
(5396, 'Millan', '', 'Polak', 5820),
(5397, 'Bart', '', 'Huisman', 5816),
(5398, 'Wouter', '', 'Werkhoven', 5821),
(5399, 'Rob', 'van', 'Engelenburg', 5819),
(5400, 'Art', '', 'Meerveld', 5815),
(5401, 'Merel', 'van', 'Minguel', 5811),
(5402, 'Gijs', '', 'Hobelman', 5812),
(5403, 'Marcel', '', 'Hoop', 5813),
(5404, 'Jet', 'van de', 'Kleuver', 5814),
(5405, 'Irene', '', 'Roekel', 5818),
(5406, 'Bertwin', 'van den', 'Kooy', 5817),
(5407, 'Robin', '', 'Bloemendal', 5820),
(5408, 'Dennis', '', 'Stolten', 5816),
(5409, 'Roy', 'van', 'Eckhardt', 5821),
(5410, 'Dirk', 'el', 'Fidder', 5819),
(5411, 'Peter', 'van', 'Dechène', 5815),
(5412, 'Dirk-Jan', '', 'Berg', 5811),
(5413, 'Maarten', '', 'Hoef', 5812),
(5414, 'Arno', 'de', 'Koning', 5813),
(5415, 'Richard', '', 'Engelenburg', 5814),
(5416, 'Mehdi', '', 'Beek', 5818),
(5417, 'Jaap', 'den', 'Adel', 5817),
(5418, 'Flora', '', 'Molenaar', 5820),
(5419, 'Juliëtte', '', 'Sloof', 5816),
(5420, 'Wijnand', 'van', 'Veldhuizen', 5821),
(5421, 'Adriaan', '', 'Brekelmans', 5819),
(5422, 'Nawid', '', 'Wagenaar', 5815),
(5423, 'Daniël', '', 'Galen', 5811),
(5424, 'Anne', '', 'Aalten', 5812),
(5425, 'Oktay', '', 'Bos', 5813),
(5426, 'Jeffry', '', 'Fluit', 5814),
(5427, 'Martin', '', 'Burken', 5818),
(5428, 'Pieter', 'de', 'Vermeer', 5817),
(5429, 'Coen', 'de', 'Meijer', 5820),
(5430, 'Richard', '', 'Lamphen', 5816),
(5431, 'Kevin', '', 'Mey', 5821),
(5432, 'Gerard', '', 'Stomphorst', 5819),
(5433, 'Jeffrey', '', 'Berg', 5815),
(5434, 'Ernst', '', 'Nijenhuis', 5811),
(5435, 'Bas', '', 'Rijnbergen', 5812),
(5437, 'Kevin', '', 'Sandriman', 5814),
(5438, 'Stefan', 'van de', 'Scheur', 5818),
(5439, 'Tim', '', 'Verwaal', 5817),
(5440, 'Wesley', '', 'Brinkman', 5820),
(5441, 'Masood', '', 'Barkhordar', 5816),
(5442, 'Christiaan', 'van', 'Kortes', 5821),
(5443, 'Bastiaan', 'van', 'Engelen', 5819),
(5444, 'Gertjan', '', 'Torregrosa', 5815),
(5445, 'Remco', '', 'Geurts', 5811),
(5446, 'Rik', 'van', 'Middendorp', 5812),
(5447, 'Jeffrey', '', 'Bruin', 5813),
(5448, 'Steven', '', 'Schaut', 5814),
(5449, 'Jacintha', 'van', 'Davelaar', 5818),
(5450, 'Evert', '', 'Wijnen', 5817),
(5451, 'Loek', '', 'Tielbeek', 5820),
(5452, 'Marcel', '', 'Brandhof', 5816),
(5453, 'Yasmin', '', 'Hendriks', 5821),
(5454, 'Chris', '', 'Bekâr', 5819),
(5455, 'Ramsey', '', 'Danse', 5815),
(5456, 'Roderick', '', 'Klok', 5811),
(5457, 'Michel', '', 'Gnidtke', 5812),
(5458, 'Theo', 'van', 'Dijkstra', 5813),
(5459, 'Kidy', '', 'Aslassy', 5814),
(5460, 'Bregje', '', 'Ent Braat', 5818),
(5461, 'Fabian', 'van de', 'Hulst', 5817),
(5462, 'Dennis', 'van', 'Beenes', 5820),
(5463, 'Jeffrey', '', 'Masic', 5816),
(5464, 'Bas', '', 'Leijen', 5821),
(5465, 'Henri', '', 'Koedijk', 5819),
(5466, 'Mitchel', '', 'Heikamp', 5815),
(5467, 'Bart', 'de', 'Delft', 5811),
(5468, 'Sjoerd', '', 'Os', 5812),
(5469, 'Evert', '', 'Bosch', 5813),
(5470, 'Bart', '', 'Stienstra', 5814),
(5471, 'Rémon', '', 'Pest', 5818),
(5472, 'Kevin', '', 'Nijman', 5817),
(5473, 'Christiaan', '', 'Man', 5820),
(5474, 'Vincent', 'van der', 'Waveren', 5816),
(5475, 'Dave', '', 'Pol', 5821),
(5476, 'Tom', '', 'Mulhuijzen', 5819),
(5477, 'Christiaan', 'van', 'Beusichem', 5815),
(5478, 'Ellis', '', 'Romijn', 5811),
(5479, 'Niels', '', 'Franken', 5812),
(5480, 'Jarno', 'van', 'Jansen', 5813),
(5481, 'Remco', '', 'Altena', 5814),
(5482, 'Ellen', '', 'Poog', 5818),
(5483, 'Theo', 'van den', 'Heuvel', 5817),
(5484, 'Joey', 'van', 'Jordaan', 5820),
(5485, 'Stefan', '', 'Herbert', 5816),
(5486, 'Neung', '', 'Ginkel', 5821),
(5487, 'Laurens', '', 'Kadionda', 5819),
(5488, 'Marcel', '', 'Lammers', 5815),
(5489, 'Paul', 'van de', 'Donkelaar', 5811),
(5490, 'Hariwaan', '', 'Durmus', 5812),
(5491, 'Erwin', '', 'Brink', 5813),
(5492, 'Tijmen', '', 'Brink', 5814),
(5493, 'Danny', '', 'Ravenhorst', 5818),
(5494, 'Remco', '', 'Doel', 5817),
(5495, 'Bart', '', 'Spaan', 5820),
(5496, 'Erwin', '', 'Standing', 5816),
(5497, 'Wilfred', '', 'Kayhan', 5821),
(5498, 'Samuël', '', 'Valkenburg', 5819),
(5499, 'Wilco', '', 'Vermeer', 5815),
(5500, 'Martin', '', 'Wit', 5811),
(5501, 'Sonny', '', 'Willemsen', 5812),
(5502, 'Arjan', '', 'Kok', 5813),
(5503, 'Matthias', '', 'Santen', 5814),
(5504, 'Allard', 'de', 'Hardeman', 5818),
(5505, 'Bas', '', 'Lange', 5817),
(5506, 'Jeroen', 'van', 'Hasselaar', 5820),
(5507, 'Laura', 'van der', 'Meijden', 5816),
(5508, 'Tommie', 'van', 'Ravenswaaij', 5821),
(5509, 'Ronny', '', 'Smit', 5819),
(5510, 'Bas', 'de', 'Frederiks', 5815),
(5511, 'Andrew', '', 'Amersfoort', 5811),
(5512, 'Dennis', '', 'Blonk', 5812),
(5513, 'Anne', '', 'Buitenhuis', 5813),
(5514, 'Christian', 'van de', 'Buizer', 5814),
(5515, 'Shabaz', 'van', 'Zaaijer', 5818),
(5516, 'Mark', '', 'Bovenkamp', 5817),
(5517, 'Rick', 'van den', 'Stahli', 5820),
(5518, 'Joris', 'van', 'Essen', 5816),
(5519, 'Sari', 'van de', 'Laar', 5821),
(5520, 'Hassan', '', 'Smit', 5819),
(5521, 'Bart', '', 'Hulshoff', 5815),
(5522, 'Serdar', '', 'Jaques', 5811),
(5523, 'Linda', '', 'Nieuwenhuizen', 5812),
(5524, 'Robert', 'van', 'Drost', 5813),
(5525, 'Freek', 'van', 'Vos', 5814),
(5526, 'Arjan', '', 'Meurs', 5818),
(5527, 'Daniël', '', 'Holwerda', 5817),
(5528, 'Marvin', '', 'Visscher', 5820),
(5529, 'Johan', '', 'Rosendahl', 5816),
(5530, 'Matthijs', 'de', 'Leeuwen', 5821),
(5531, 'Gert', '', 'Doorn', 5819),
(5532, 'Michael', '', 'Moussati', 5815),
(5533, 'René', 'van den', 'Botchway', 5811),
(5534, 'Paulo', 'van den', 'Bot', 5812),
(5535, 'Sebastiaan', '', 'Roeleveld', 5813),
(5536, 'Philip', 'de', 'Evans', 5814),
(5537, 'Rolf', 'van den', 'Milligen', 5818),
(5538, 'Sonny', 'van', 'Boone', 5817),
(5539, 'Timothy', 'van den', 'Smidts', 5820),
(5540, 'Benjamin', 'van', 'Vaasen', 5816),
(5541, 'Nico', '', 'Vries', 5821),
(5542, 'Patrick', 'van der', 'Fijneman', 5819),
(5543, 'Robert', '', 'Hovens', 5815),
(5544, 'Guleed', '', 'Craats', 5811),
(5545, 'Daniël', '', 'Veenendaal', 5812),
(5546, 'Kevin', '', 'Laar', 5813),
(5547, 'Gerben', 'van der', 'Hulleman', 5814),
(5548, 'Vittorio', 'van', 'Hunen', 5818),
(5549, 'Coen', '', 'Ginkel', 5817),
(5550, 'Tom', 'van', 'Kruik', 5820),
(5551, 'Paul', 'van de', 'Jeuken', 5816),
(5552, 'Youri', 'van', 'Steenbergen', 5821),
(5553, 'Silvio', '', 'Veldhuizen', 5819),
(5554, 'Ernst-Jan', 'de', 'Kate', 5815),
(5555, 'Olaf', 'van', 'Bakkenes', 5811),
(5556, 'Kevin', '', 'Kolfschoten', 5812),
(5557, 'Daan', '', 'Merkenhof', 5813),
(5558, 'Maurice', '', 'Leeuwen', 5814),
(5559, 'Dirk', '', 'Kloet', 5818),
(5560, 'Govert', '', 'Greuter', 5817),
(5561, 'Pascal', '', 'Veelen', 5820),
(5562, 'Marthijn', '', 'Veelen', 5816),
(5563, 'Gijs - Jan', '', 'Boon', 5821),
(5564, 'Karel', '', 'Eldik', 5819),
(5565, 'Gernand', '', 'Smeijer', 5815),
(5566, 'Fabian', '', 'Donkersteeg', 5811),
(5567, 'Abdulsalam', '', 'Brand', 5812),
(5568, 'Colin', 'van de', 'Lodeweges', 5813),
(5569, 'Robert', '', 'Nijkamp', 5814),
(5570, 'Marcel', '', 'Kamp', 5818),
(5571, 'Ajong', 'van', 'Doeveren', 5817),
(5572, 'Jorick', '', 'Reede', 5820),
(5573, 'Kay', 'van', 'Kolk', 5816),
(5574, 'Jeroen', '', 'Hak', 5821),
(5575, 'Patrick', '', 'Foort', 5819),
(5576, 'Junior', 'van', 'Koops', 5815),
(5577, 'Pieter', '', 'Yirtici', 5811),
(5578, 'Daryl', 'van den', 'Veer', 5812),
(5579, 'Henk', '', 'Bryant', 5813),
(5580, 'Jeroen', '', 'Roijakkers', 5814),
(5581, 'Yongxiao', 'van', 'Righolt', 5818),
(5582, 'Bjorn', 'van', 'Velde', 5817),
(5583, 'Melvin', 'ten', 'Bemmel', 5820),
(5584, 'Evert', 'van', 'Harris', 5816),
(5585, 'Erik', 'den', 'Schot', 5821),
(5586, 'Omar', '', 'Tirgil', 5819),
(5587, 'Dirk', '', 'Pol', 5815),
(5588, 'Vincent', '', 'Rutjes', 5811),
(5589, 'Angelo', '', 'Schothorst', 5812),
(5590, 'Rick', '', 'Veelen', 5813),
(5591, 'Stefan', '', 'Brooks', 5814),
(5592, 'Jeroen', '', 'Haalboom', 5818),
(5593, 'Ricardo', '', 'Scheer', 5817),
(5594, 'Eelco', 'de', 'Slotboom', 5820),
(5595, 'Jeroen', 'van den', 'Veenschoten', 5816),
(5596, 'Jennifer', '', 'Borg', 5821),
(5597, 'Wilco', '', 'Vlist', 5819),
(5598, 'Bas', 'van den', 'Kuyper', 5815),
(5599, 'Mickey', 'van', 'Upwich', 5811),
(5600, 'Lonneke', '', 'Swart', 5812),
(5601, 'Dirco', '', 'Hootsen', 5813),
(5602, 'Ronald', '', 'Linterman', 5814),
(5603, 'Hassan', '', 'Dirks', 5818),
(5604, 'Jan', '', 'Mocking', 5817),
(5605, 'Vyrena', '', 'd\'Hont', 5820),
(5606, 'Job', 'den', 'Pannekoek', 5816),
(5607, 'Adnan', '', 'Polman', 5821),
(5608, 'Jeroen', 'van', 'Houthuijzen', 5819),
(5609, 'Eefje', 'de', 'Nie', 5815),
(5610, 'Martijn', 'ten', 'Vries', 5811),
(5611, 'Luuk', 'van', 'Karakus', 5812),
(5612, 'Henry', 'van', 'Laarberg', 5813),
(5613, 'Tim', 'van', 'Leijenhorst', 5814),
(5614, 'Gerjan', '', 'Marie', 5818),
(5615, 'Arie', 'van', 'Cohen', 5817),
(5616, 'Miguel', 'van', 'Raaphorst', 5820),
(5617, 'Dominique', 'de', 'Laak', 5816),
(5618, 'Bert', '', 'Spelt', 5821),
(5619, 'Ronald', '', 'Suurendonk', 5819),
(5620, 'Michel', '', 'Hensbergen', 5815),
(5621, 'Rens', '', 'Visser', 5811),
(5622, 'Jan', '', 'Hofte', 5812),
(5623, 'Wim', '', 'Roskam', 5813),
(5624, 'André', 'ten', 'Valkenburg', 5814),
(5626, 'Ruben', '', 'Wijkniet', 5817),
(5627, 'Wiecher', '', 'Bonenberg', 5820),
(5628, 'Michael', '', 'Yacoub', 5816),
(5629, 'Ashish', '', 'Tan', 5821),
(5630, 'Johan', 'van', 'Dokter', 5819),
(5631, 'Bart', 'van', 'Handule', 5815),
(5632, 'Iris', 'van', 'Stinissen', 5811),
(5633, 'Ashley', '', 'Pol', 5812),
(5634, 'Sanne', 'van', 'Alderliesten', 5813),
(5635, 'William', 'van', 'Alfen', 5814),
(5636, 'Stefan', 'van', 'Jansen van der Sligte', 5818),
(5637, 'Kevin', '', 'Elbers', 5817),
(5638, 'Walter', '', 'Riemens', 5820),
(5639, 'Angela', '', 'Heel', 5816),
(5640, 'Wian', 'van de', 'Altena', 5821),
(5641, 'Sebastiaan', 'de', 'Zandschulp', 5819),
(5642, 'Maartje', '', 'Klokman', 5815),
(5643, 'Roy', '', 'Doorn', 5811),
(5644, 'Dicanio', 'van', 'Kolvers', 5812),
(5645, 'Martin', '', 'Lenssen', 5813),
(5646, 'Sander', '', 'Groeneveld', 5814),
(5647, 'Asim', '', 'Mauritz', 5818),
(5648, 'Abslam', 'de', 'Tuza', 5817),
(5649, 'Siem', '', 'Mousevi', 5820),
(5650, 'Erik', '', 'Troost', 5816),
(5651, 'Mark', '', 'Raath', 5821),
(5652, 'Michelle', 'van', 'Ravenswaaij', 5819),
(5653, 'Wijnand', '', 'Rozeboom', 5815),
(5654, 'Sekou', 'van de', 'Scheur', 5811),
(5655, 'Herman', '', 'Stupac', 5812),
(5656, 'Gerard', '', 'Theloosen', 5813),
(5657, 'Jason', '', 'Hartog', 5814),
(5658, 'Johnathan', '', 'Visser', 5818),
(5659, 'Jorrit', '', 'Weijers', 5817),
(5660, 'Bart', '', 'Willems', 5820),
(5661, 'Kevin', '', 'Wissink', 5816),
(5662, 'Arno', '', 'Zeller', 5821),
(5663, 'Maaike', '', 'Wieten', 5819),
(5664, 'Ronald', '', 'Uijttenboogaart', 5815),
(5665, 'Bram', '', 'Heij', 5811),
(5666, 'Bas', '', 'Thodé', 5812),
(5667, 'Fabian', 'van', 'El Fakiri', 5813),
(5668, 'Dennis', '', 'Spekle', 5814),
(5669, 'Dick', '', 'Boon', 5818),
(5670, 'Marc', 'van de', 'Zwan', 5817),
(5671, 'Thomas', '', 'Weert', 5820),
(5672, 'Berto', '', 'Simula', 5816),
(5673, 'André', 'van der', 'Agricola', 5821),
(5674, 'Dharsan', '', 'Koedam', 5819),
(5675, 'Ramon', 'van', 'Voorthuizen', 5815),
(5676, 'Tim', '', 'Winter', 5811),
(5677, 'Christiaan', '', 'Stavast', 5812),
(5678, 'Dinant', '', 'Smit', 5813),
(5679, 'Nicky', '', 'Wijnaldum', 5814),
(5680, 'Thom', 'van', 'Maassen', 5818),
(5681, 'Henri', 'van', 'Togan', 5817),
(5682, 'Bernard', '', 'Roelofs', 5820),
(5683, 'Ralf', 'van', 'Sorgen', 5816),
(5684, 'Sarah', 'van', 'Almeida Ferreira', 5821),
(5685, 'Moises', '', 'Bert', 5819),
(5686, 'Rick', '', 'Essen', 5815),
(5687, 'Marcel', 'van den', 'Boxtel', 5811),
(5688, 'Mark', '', 'Stanisavljevic', 5812),
(5689, 'Ruben', 'van', 'Loo', 5813),
(5690, 'Bastiaan', 'van der', 'Meer', 5814),
(5691, 'Pieter', 'van der', 'Meer', 5818),
(5692, 'Youri', 'van', 'Zondag', 5817),
(5694, 'Martijn', '', 'Schuit', 5816),
(5695, 'Davy', 'van', 'Ranzijn', 5821),
(5696, 'Pascal', 'van', 'Triesscheijn', 5819),
(5697, 'Martijn', '', 'Valkenburg', 5815),
(5698, 'Janno', '', 'Veenendaal', 5811),
(5699, 'Nick', 'van', 'Waal', 5812),
(5700, 'Edwin', '', 'Berntzen Stollé', 5813),
(5701, 'Ernst', '', 'Rijksen', 5814),
(5702, 'Mark', '', 'Hooijer', 5818),
(5703, 'Robbin', 'van', 'Zaaijer', 5817),
(5704, 'Gijsbert', '', 'Scheur', 5820),
(5705, 'Wendy', 'van den', 'Modderkolk', 5816),
(5706, 'Johan', '', 'Vlaanderen', 5821),
(5707, 'Daniël', '', 'Fakhari', 5819),
(5708, 'Nico', 'van', 'Rozendaal', 5815),
(5709, 'Jan Willem', '', 'Hee', 5811),
(5710, 'Willem', '', 'Middelkoop', 5812),
(5711, 'Bram', 'van', 'Oskam', 5813),
(5712, 'Gerwin', '', 'Plaschek', 5814),
(5713, 'Harco', '', 'Rijlaarsdam', 5818),
(5714, 'Niels', 'van', 'Westeneng', 5817),
(5715, 'Denzel', '', 'Cetin', 5820),
(5716, 'Bart', 'van', 'Veldhuijsen', 5816),
(5717, 'Alexander', 'van', 'Solingen', 5821),
(5718, 'Lionel', '', 'Wit', 5819),
(5719, 'Mark', '', 'Berg', 5815),
(5720, 'Vincent', 'van den', 'Engelenhoven', 5811),
(5721, 'Martijn', '', 'Ginkel', 5812),
(5722, 'Bart', '', 'Oosterbroek', 5813),
(5723, 'Matthijs', '', 'Spijker', 5814),
(5724, 'Justin', 'van', 'Verschuur', 5818),
(5725, 'Jort', '', 'Alderliesten', 5817),
(5726, 'Teus', '', 'Mooren', 5820),
(5727, 'Dennis', 'van', 'Hattinga Verschure', 5816),
(5728, 'Ruben', 'van', 'Isakh', 5821),
(5729, 'Mouad', 'van de', 'Kolste', 5819),
(5730, 'Erjen', 'van', 'Kwint', 5815),
(5731, 'Dustin', '', 'Broek', 5811),
(5732, 'Hendrik', 'D\'', 'Aggelen', 5812),
(5733, 'Mark', '', 'Jong', 5813),
(5734, 'Rick', '', 'Hofman', 5814),
(5735, 'Onno', '', 'Brackel', 5818),
(5736, 'Lotje', 'van', 'Petersen', 5817),
(5737, 'Patrick', '', 'Roekel', 5820),
(5738, 'Ruben', '', 'Eigenraam', 5816),
(5739, 'Stefan', '', 'Es', 5821),
(5740, 'Jelle', 'van', 'Gieling', 5819),
(5741, 'Rémon', '', 'Ende', 5815),
(5742, 'Ivo', 'van', 'Heijnen', 5811),
(5743, 'Anique', '', 'Daalen', 5812),
(5744, 'Aart', '', 'Top', 5813),
(5745, 'Jaap', '', 'Marlet', 5814),
(5746, 'Jacco', 'van', 'Steenis', 5818),
(5747, 'Patrick', '', 'Haas', 5817),
(5748, 'Youri', '', 'Wolferink', 5820),
(5749, 'Liese', '', 'Manen', 5816),
(5750, 'Ronald', 'van', 'Cakir', 5821),
(5751, 'Maarten', '', 'Willemsen', 5819),
(5752, 'Arno', '', 'Ledden', 5815),
(5753, 'Johan', '', 'Eijk', 5811),
(5754, 'Jelle', '', 'Veenhuis', 5812),
(5755, 'Gertjan', '', 'Belle', 5813),
(5756, 'Richard', '', 'Zantinge', 5814),
(5757, 'Dennis', 'van', 'Roelen', 5818),
(5758, 'Gerrit', '', 'Scholten', 5817),
(5759, 'Erik', '', 'Dotinga', 5820),
(5760, 'Jaco', '', 'Roseboom', 5816),
(5761, 'Bastiaan', 'van', 'Vroom', 5821),
(5762, 'Harold', 'van', 'Vacquier Droop', 5819),
(5763, 'Jeroen', '', 'Bouman', 5815),
(5764, 'Lotte', 'van den', 'Stadelmann', 5811),
(5765, 'Matthijs', '', 'Koenders', 5812),
(5766, 'Tristin', 'van', 'Groot', 5813),
(5767, 'Emiel', 'van', 'Smit', 5814),
(5768, 'Derk', '', 'Dijkstra', 5818),
(5769, 'Antwan', 'van de', 'Schimmel', 5817),
(5770, 'Esther', '', 'Sluis', 5820),
(5771, 'Dennis', '', 'Beusekom', 5816),
(5772, 'Johnnie', 'van', 'Babijn', 5821),
(5773, 'Gerdo', '', 'Mel', 5819),
(5774, 'Mike', '', 'Docter', 5815),
(5775, 'Erik', 'van', 'Neerhof', 5811),
(5776, 'Salki', '', 'Saou', 5812),
(5777, 'Sander', '', 'Coterlet', 5813),
(5778, 'Marko', '', 'Koppel', 5814),
(5779, 'Gertjan', '', 'Koops', 5818),
(5780, 'Tim', '', 'Hasanovic', 5817),
(5781, 'Evert Jan', '', 'Jager', 5820),
(5782, 'Nabil', 'van', 'Priem', 5816),
(5783, 'Niels', '', 'Odie', 5821),
(5784, 'Ronnie', '', 'Sliggers', 5819),
(5785, 'Stephan', 'van', 'Harn', 5815),
(5786, 'Reinier', '', 'Hootsen', 5811),
(5787, 'Lars', '', 'Boute', 5812),
(5788, 'Pieter', '', 'Donkersteeg', 5813),
(5789, 'Rutger', 'van de', 'Gieteling', 5814),
(5790, 'Erwin', '', 'Heus', 5818),
(5791, 'Harry', '', 'Ingen', 5817),
(5792, 'Arno', '', 'Jamaladin', 5820),
(5793, 'Metin', '', 'Francisco Isabel', 5816),
(5794, 'Kees', '', 'Rozeboom', 5821),
(5795, 'Johan', 'de', 'Maten', 5819),
(5796, 'Ricardo', 'van', 'Soest', 5815),
(5797, 'Michiel', '', 'Ouisa', 5811),
(5798, 'Martin', 'van', 'Middendorp', 5812),
(5799, 'John', '', 'Wilde', 5813);

-- --------------------------------------------------------

--
-- Tabelstructuur voor tabel `toernooi`
--

CREATE TABLE `toernooi` (
  `ID` int(11) NOT NULL,
  `description` varchar(50) NOT NULL,
  `date` date NOT NULL
) ENGINE=InnoDB DEFAULT CHARSET=utf8mb4;

--
-- Gegevens worden geëxporteerd voor tabel `toernooi`
--

INSERT INTO `toernooi` (`ID`, `description`, `date`) VALUES
(1, 'Voorjaarstoernooi', '2017-05-23'),
(2, 'Zomerbal', '2017-07-31'),
(3, 'Wintertoernooi', '2016-12-29');

-- --------------------------------------------------------

--
-- Tabelstructuur voor tabel `wedstrijd`
--

CREATE TABLE `wedstrijd` (
  `ID` int(11) NOT NULL,
  `tournamentID` int(11) NOT NULL,
  `round` int(11) NOT NULL,
  `player1ID` int(11) NOT NULL,
  `player2ID` int(11) NOT NULL,
  `score1` int(11) NOT NULL,
  `score2` int(11) NOT NULL,
  `winnerID` int(11) NOT NULL
) ENGINE=InnoDB DEFAULT CHARSET=utf8mb4;

--
-- Gegevens worden geëxporteerd voor tabel `wedstrijd`
--

INSERT INTO `wedstrijd` (`ID`, `tournamentID`, `round`, `player1ID`, `player2ID`, `score1`, `score2`, `winnerID`) VALUES
(854, 1, 0, 4048, 3876, 0, 1, 3876),
(855, 1, 0, 5175, 4066, 0, 1, 4066),
(856, 1, 0, 3872, 4119, 0, 1, 4119),
(857, 1, 0, 5751, 5460, 0, 1, 5460),
(858, 1, 0, 5271, 3968, 0, 1, 3968),
(859, 1, 0, 4311, 4599, 0, 1, 4599),
(860, 1, 0, 5077, 5367, 0, 1, 5367),
(861, 1, 1, 4887, 5559, 1, 0, 4887),
(862, 1, 1, 4049, 4791, 1, 0, 4049),
(863, 1, 1, 5676, 4695, 1, 0, 5676),
(864, 1, 1, 4503, 4407, 1, 0, 4503),
(869, 1, 1, 4065, 4066, 0, 0, 4065),
(870, 1, 1, 3968, 5367, 1, 0, 3968),
(871, 1, 1, 5460, 4599, 2, 1, 5460),
(872, 1, 1, 3876, 4119, 1, 1, 4119),
(904, 3, 0, 4115, 4190, 0, 1, 4190),
(905, 3, 0, 4256, 4042, 1, 2, 4042),
(906, 3, 0, 4124, 4187, 2, 0, 4124),
(907, 3, 0, 4154, 4142, 0, 1, 4142),
(908, 3, 0, 4181, 4250, 1, 2, 4250),
(909, 3, 0, 4229, 4130, 2, 0, 4229),
(910, 3, 0, 4136, 4199, 0, 1, 4199),
(911, 3, 0, 4030, 4139, 1, 2, 4139),
(912, 3, 0, 4036, 4223, 1, 0, 4036),
(913, 3, 0, 4109, 4257, 0, 2, 4257),
(914, 3, 0, 4196, 4172, 2, 0, 4196),
(915, 3, 0, 4220, 4253, 0, 1, 4253),
(916, 3, 0, 4178, 4193, 1, 2, 4193),
(917, 3, 0, 4205, 5796, 1, 0, 4205),
(918, 3, 0, 3895, 4148, 0, 2, 4148),
(919, 3, 0, 4103, 3898, 1, 1, 4103),
(920, 3, 0, 4238, 4045, 0, 0, 4238),
(921, 3, 0, 4214, 4033, 2, 1, 4214),
(922, 3, 0, 4175, 4133, 0, 1, 4133),
(923, 3, 0, 4163, 4160, 2, 1, 4163),
(924, 3, 0, 4235, 4226, 0, 1, 4226),
(925, 3, 0, 4241, 4247, 2, 1, 4241),
(926, 3, 0, 4217, 4151, 1, 2, 4151),
(927, 3, 0, 4169, 4118, 0, 1, 4118),
(928, 3, 0, 4106, 4121, 1, 0, 4106),
(929, 3, 0, 3892, 4157, 1, 2, 4157),
(930, 3, 0, 4184, 4202, 1, 0, 4184),
(931, 3, 0, 4232, 4208, 0, 0, 4208),
(932, 3, 0, 4112, 4166, 2, 1, 4112),
(933, 3, 0, 4127, 4039, 1, 0, 4127),
(934, 3, 1, 4211, 4145, 1, 0, 4211),
(935, 3, 1, 4133, 4250, 2, 1, 4133),
(936, 3, 1, 4106, 4253, 1, 2, 4253),
(937, 3, 1, 4226, 4042, 2, 1, 4226),
(938, 3, 1, 4139, 4193, 1, 0, 4139),
(939, 3, 1, 4238, 4157, 1, 0, 4238),
(940, 3, 1, 4112, 4103, 2, 0, 4112),
(941, 3, 1, 4229, 4196, 1, 2, 4196),
(942, 3, 1, 4208, 4257, 0, 2, 4257),
(943, 3, 1, 4205, 4142, 1, 1, 4142),
(944, 3, 1, 4127, 4151, 0, 0, 4151),
(945, 3, 1, 4214, 4124, 1, 0, 4214),
(946, 3, 1, 4148, 4184, 1, 2, 4184),
(947, 3, 1, 4190, 4241, 0, 1, 4241),
(948, 3, 1, 4036, 4118, 1, 0, 4036),
(949, 3, 1, 4163, 4199, 2, 1, 4163),
(951, 3, 2, 4151, 4133, 2, 0, 4151),
(952, 3, 2, 4112, 4184, 0, 2, 4184),
(953, 3, 2, 4036, 4196, 0, 1, 4196),
(954, 3, 2, 4257, 4139, 2, 0, 4257),
(955, 3, 2, 4163, 4226, 1, 0, 4163),
(956, 3, 2, 4214, 4211, 0, 1, 4211),
(957, 3, 2, 4253, 4142, 1, 1, 4253),
(958, 3, 2, 4238, 4241, 2, 1, 4238),
(960, 3, 3, 4253, 4151, 1, 0, 4253),
(961, 3, 3, 4211, 4196, 0, 1, 4196),
(962, 3, 3, 4257, 4238, 2, 1, 4257),
(963, 3, 3, 4184, 4163, 1, 1, 4184),
(965, 3, 4, 4196, 4257, 2, 0, 4196),
(966, 3, 4, 4253, 4184, 2, 1, 4253),
(968, 3, 5, 4196, 4253, 2, 0, 4196);

--
-- Indexen voor geëxporteerde tabellen
--

--
-- Indexen voor tabel `aanmelding`
--
ALTER TABLE `aanmelding`
  ADD PRIMARY KEY (`ID`);

--
-- Indexen voor tabel `school`
--
ALTER TABLE `school`
  ADD PRIMARY KEY (`ID`);

--
-- Indexen voor tabel `speler`
--
ALTER TABLE `speler`
  ADD PRIMARY KEY (`ID`);

--
-- Indexen voor tabel `toernooi`
--
ALTER TABLE `toernooi`
  ADD PRIMARY KEY (`ID`);

--
-- Indexen voor tabel `wedstrijd`
--
ALTER TABLE `wedstrijd`
  ADD PRIMARY KEY (`ID`);

--
-- AUTO_INCREMENT voor geëxporteerde tabellen
--

--
-- AUTO_INCREMENT voor een tabel `aanmelding`
--
ALTER TABLE `aanmelding`
  MODIFY `ID` int(11) NOT NULL AUTO_INCREMENT, AUTO_INCREMENT=13592;

--
-- AUTO_INCREMENT voor een tabel `school`
--
ALTER TABLE `school`
  MODIFY `ID` int(11) NOT NULL AUTO_INCREMENT, AUTO_INCREMENT=5824;

--
-- AUTO_INCREMENT voor een tabel `speler`
--
ALTER TABLE `speler`
  MODIFY `ID` int(11) NOT NULL AUTO_INCREMENT, AUTO_INCREMENT=5800;

--
-- AUTO_INCREMENT voor een tabel `toernooi`
--
ALTER TABLE `toernooi`
  MODIFY `ID` int(11) NOT NULL AUTO_INCREMENT, AUTO_INCREMENT=4;

--
-- AUTO_INCREMENT voor een tabel `wedstrijd`
--
ALTER TABLE `wedstrijd`
  MODIFY `ID` int(11) NOT NULL AUTO_INCREMENT, AUTO_INCREMENT=969;
COMMIT;

/*!40101 SET CHARACTER_SET_CLIENT=@OLD_CHARACTER_SET_CLIENT */;
/*!40101 SET CHARACTER_SET_RESULTS=@OLD_CHARACTER_SET_RESULTS */;
/*!40101 SET COLLATION_CONNECTION=@OLD_COLLATION_CONNECTION */;
